episode,episode_reward,episode_is,completed,mean_loss,epsilon,steps,strategy,is_twap
0,-1517.2267473004179,1514.1533273785426,1,0.0,1.0,7,tabular_q_train,0
1,-1539.0777645038334,1538.9587645038334,1,0.0,0.9988125,2,tabular_q_train,0
2,-952.9035285729162,952.7133619062496,1,0.0,0.997625,3,tabular_q_train,0
3,-1418.0356191663802,1417.9284524997136,1,0.0,0.9964375,2,tabular_q_train,0
4,-1888.9757787303365,1891.1854281443989,1,0.0,0.99525,7,tabular_q_train,0
5,-1710.9173878676177,1710.7863878676176,1,0.0,0.9940625,2,tabular_q_train,0
6,-1425.2087043932277,1414.246520148436,1,0.0,0.992875,6,tabular_q_train,0
7,-1887.4275387930552,1888.7586019440967,1,0.0,0.9916875,8,tabular_q_train,0
8,-1146.3333622821965,1070.7943919045924,1,0.0,0.9905,3,tabular_q_train,0
9,-926.0402500288343,925.7472207319595,1,0.0,0.9893125,10,tabular_q_train,0
10,-1320.2679951985888,1320.1846618652553,1,0.0,0.988125,2,tabular_q_train,0
11,-669.8886722038405,669.1878388705072,1,0.0,0.9869375,5,tabular_q_train,0
12,-1402.0674725655056,1416.2801283272242,1,0.0,0.98575,2,tabular_q_train,0
13,-1344.698885763005,1344.6037190963384,1,0.0,0.9845625,2,tabular_q_train,0
14,-2179.9741023306456,2179.926268997312,1,0.0,0.983375,7,tabular_q_train,0
15,-903.8405991898884,903.1469325232218,1,0.0,0.9821875,7,tabular_q_train,0
16,-947.3607714280508,952.1227274827384,1,0.0,0.981,7,tabular_q_train,0
17,-1333.173417528498,1332.5454486157378,1,0.0,0.9798125,6,tabular_q_train,0
18,-910.4106199286373,909.823286595304,1,0.0,0.978625,4,tabular_q_train,0
19,-2198.1564793933157,2198.1424793933156,1,0.0,0.9774375,4,tabular_q_train,0
20,-1501.7058195381196,1503.1112106514008,1,0.0,0.97625,6,tabular_q_train,0
21,-1000.3005527544033,999.8440527544033,1,0.0,0.9750625,12,tabular_q_train,0
22,-958.5915558608601,942.5141878595581,1,0.0,0.973875,7,tabular_q_train,0
23,-1908.6872346108298,1905.753463614736,1,0.0,0.9726875,4,tabular_q_train,0
24,-2509.829142252522,2509.6624755858556,1,0.0,0.9715,2,tabular_q_train,0
25,-716.9722888990831,716.0799897454374,1,0.0,0.9703125,12,tabular_q_train,0
26,-1917.0155469187505,1916.9899046661467,1,0.0,0.969125,7,tabular_q_train,0
27,-1687.7974965929718,1687.7165283312527,1,0.0,0.9679375,7,tabular_q_train,0
28,-1909.8939467674036,1895.0758696189664,1,0.0,0.96675,9,tabular_q_train,0
29,-1055.8090346490126,1035.8466163547419,1,0.0,0.9655625,11,tabular_q_train,0
30,-1365.9585305086357,1367.1654232495212,1,0.0,0.964375,8,tabular_q_train,0
31,-1657.9051111210192,1682.2139047408104,1,0.0,0.9631875,7,tabular_q_train,0
32,-753.0959009625412,703.5761914898851,1,0.0,0.962,9,tabular_q_train,0
33,-2509.8374938963843,2509.8374938963843,1,0.0,0.9608125,1,tabular_q_train,0
34,-1433.1073430895615,1432.1865110583117,1,0.0,0.959625,13,tabular_q_train,0
35,-2179.72835992983,2181.0952466485796,1,0.0,0.9584375,5,tabular_q_train,0
36,-1891.2284409148108,1891.040440914811,1,0.0,0.95725,9,tabular_q_train,0
37,-1634.1750722763152,1633.8919056096486,1,0.0,0.9560625,6,tabular_q_train,0
38,-2515.612487792964,2515.612487792964,1,0.0,0.954875,1,tabular_q_train,0
39,-1202.5507794471832,1202.1949461138497,1,0.0,0.9536875,9,tabular_q_train,0
40,-1331.2020506325036,1328.20981886167,1,0.0,0.9525,4,tabular_q_train,0
41,-709.6275825547011,713.1483612005345,1,0.0,0.9513125,5,tabular_q_train,0
42,-1531.448074295086,1531.4004076284193,1,0.0,0.950125,2,tabular_q_train,0
43,-893.6354678784537,883.0548238354849,1,0.0,0.9489375,9,tabular_q_train,0
44,-1535.058925042547,1535.0112583758803,1,0.0,0.94775,2,tabular_q_train,0
45,-1671.1075120070632,1664.373179487532,1,0.0,0.9465625,7,tabular_q_train,0
46,-1929.2739469328053,1929.131113599472,1,0.0,0.945375,2,tabular_q_train,0
47,-1083.3167912850429,1077.9948436938973,1,0.0,0.9441875,12,tabular_q_train,0
48,-1053.9546449106895,1002.3790293507939,1,0.0,0.9430000000000001,8,tabular_q_train,0
49,-1055.4392308567058,1058.5746831679035,1,0.0,0.9418125,11,tabular_q_train,0
50,-1263.1617104100465,1241.1817242446816,1,0.0,0.940625,11,tabular_q_train,0
51,-1487.0269752822276,1486.9619752822273,1,0.0,0.9394375,5,tabular_q_train,0
52,-753.2731976922234,754.5797606805045,1,0.0,0.93825,9,tabular_q_train,0
53,-990.178889592019,1009.1883152105086,1,0.0,0.9370625,3,tabular_q_train,0
54,-1421.229029697914,1421.0258630312474,1,0.0,0.935875,4,tabular_q_train,0
55,-828.3769592568401,827.9670080849653,1,0.0,0.9346875,12,tabular_q_train,0
56,-701.2159816470079,700.5341483136746,1,0.0,0.9335,7,tabular_q_train,0
57,-1212.8241060194628,1212.4871060194628,1,0.0,0.9323125,3,tabular_q_train,0
58,-1617.024191769007,1613.2073877325493,1,0.0,0.931125,13,tabular_q_train,0
59,-1147.4432071500992,1081.21409810062,1,0.0,0.9299375,5,tabular_q_train,0
60,-871.1169987180211,870.4074987180211,1,0.0,0.92875,9,tabular_q_train,0
61,-796.8484948075264,797.6506842606514,1,0.0,0.9275625,11,tabular_q_train,0
62,-1333.2504835715945,1336.6624698997196,1,0.0,0.926375,3,tabular_q_train,0
63,-779.3634796032802,778.9753129366136,1,0.0,0.9251875,5,tabular_q_train,0
64,-1663.9187467780425,1653.6835574876777,1,0.0,0.924,4,tabular_q_train,0
65,-1040.2416001725896,997.5002969499333,1,0.0,0.9228125,12,tabular_q_train,0
66,-1223.7371864158858,1223.4426864158863,1,0.0,0.921625,9,tabular_q_train,0
67,-998.5350379657863,997.997229697557,1,0.0,0.9204375,12,tabular_q_train,0
68,-884.4955745806691,883.950418330669,1,0.0,0.91925,11,tabular_q_train,0
69,-1909.489867938808,1919.2265142604228,1,0.0,0.9180625,5,tabular_q_train,0
70,-2180.334734695155,2179.254924799321,1,0.0,0.916875,6,tabular_q_train,0
71,-1057.7931928833646,1057.1365262166978,1,0.0,0.9156875,11,tabular_q_train,0
72,-715.6305412894577,710.0540722139368,1,0.0,0.9145,16,tabular_q_train,0
73,-2195.1069131933036,2194.981001734971,1,0.0,0.9133125,8,tabular_q_train,0
74,-2180.9069097761308,2180.1392457136308,1,0.0,0.912125,9,tabular_q_train,0
75,-1174.8836451606196,1174.6573118272863,1,0.0,0.9109375,3,tabular_q_train,0
76,-1233.1174948983294,1232.66949489833,1,0.0,0.9097500000000001,8,tabular_q_train,0
77,-1654.3940394359224,1654.3183727692558,1,0.0,0.9085625,8,tabular_q_train,0
78,-1896.8811239080142,1896.6522905746806,1,0.0,0.907375,11,tabular_q_train,0
79,-1079.8980219856921,1079.64872039064,1,0.0,0.9061875,7,tabular_q_train,0
80,-2194.612459688895,2194.3626263555616,1,0.0,0.905,5,tabular_q_train,0
81,-1626.6028176645739,1626.1619843312405,1,0.0,0.9038125,12,tabular_q_train,0
82,-683.0993817281707,682.1443817281707,1,0.0,0.902625,13,tabular_q_train,0
83,-1344.234251059282,1344.162751059282,1,0.0,0.9014375,2,tabular_q_train,0
84,-1651.702653163523,1651.3469864968565,1,0.0,0.90025,6,tabular_q_train,0
85,-2188.3778545491264,2188.2941390543338,1,0.0,0.8990625,7,tabular_q_train,0
86,-1035.0642022114018,1027.542700258277,1,0.0,0.897875,7,tabular_q_train,0
87,-2185.027580743825,2184.2411914209097,1,0.0,0.8966875,7,tabular_q_train,0
88,-2186.175122027913,2186.370258095621,1,0.0,0.8955,6,tabular_q_train,0
89,-1077.3728605451172,1077.0701938784505,1,0.0,0.8943125000000001,8,tabular_q_train,0
90,-1654.6978318378174,1656.107835744067,1,0.0,0.893125,7,tabular_q_train,0
91,-1162.5914020408902,1162.9143854393276,1,0.0,0.8919375,7,tabular_q_train,0
92,-2515.4124450682502,2515.4124450682502,1,0.0,0.89075,1,tabular_q_train,0
93,-1136.6209025396345,1135.8459214198429,1,0.0,0.8895625,11,tabular_q_train,0
94,-719.5375535214773,691.9578433977794,1,0.0,0.888375,6,tabular_q_train,0
95,-738.9203792087759,738.4702125421092,1,0.0,0.8871875,11,tabular_q_train,0
96,-926.5017529694195,924.1136435944195,1,0.0,0.886,9,tabular_q_train,0
97,-786.812516129519,786.1900161295191,1,0.0,0.8848125,7,tabular_q_train,0
98,-1931.8485296485524,1918.8904497331878,1,0.0,0.883625,2,tabular_q_train,0
99,-1371.5242191926623,1371.3598858593286,1,0.0,0.8824375,7,tabular_q_train,0
100,-2180.2546416308464,2178.356694527981,1,0.0,0.88125,7,tabular_q_train,0
101,-1622.7638206066247,1622.0446811209476,1,0.0,0.8800625,9,tabular_q_train,0
102,-1258.6237524173457,1257.8265411543248,1,0.0,0.878875,13,tabular_q_train,0
103,-1208.49226887009,1215.4014519755588,1,0.0,0.8776875,9,tabular_q_train,0
104,-1142.0561627454765,1141.9056627454765,1,0.0,0.8765000000000001,6,tabular_q_train,0
105,-1395.6754133168383,1366.5092674835053,1,0.0,0.8753125,14,tabular_q_train,0
106,-2501.3374328613054,2501.3374328613054,1,0.0,0.874125,1,tabular_q_train,0
107,-708.9580277468409,716.4303566856432,1,0.0,0.8729375,11,tabular_q_train,0
108,-1059.7146928395885,1059.5681928395884,1,0.0,0.87175,4,tabular_q_train,0
109,-1176.6595475685776,1182.4928952248276,1,0.0,0.8705625,9,tabular_q_train,0
110,-965.4728605085318,979.7784103132192,1,0.0,0.869375,16,tabular_q_train,0
111,-1026.6534815571779,1025.9789815571778,1,0.0,0.8681875,8,tabular_q_train,0
112,-1223.0066018019925,1223.2913202264713,1,0.0,0.867,13,tabular_q_train,0
113,-1230.753301352375,1253.5747079278956,1,0.0,0.8658125,7,tabular_q_train,0
114,-1313.5486234028692,1313.215290069536,1,0.0,0.864625,3,tabular_q_train,0
115,-1052.652810520255,1025.0833777403068,1,0.0,0.8634375000000001,18,tabular_q_train,0
116,-1241.8570622910115,1238.602267531897,1,0.0,0.86225,17,tabular_q_train,0
117,-1055.6302349621228,1058.3707574230602,1,0.0,0.8610625000000001,7,tabular_q_train,0
118,-900.7137148010167,902.79604813435,1,0.0,0.859875,11,tabular_q_train,0
119,-845.5701645998566,843.7024842613149,1,0.0,0.8586875,9,tabular_q_train,0
120,-815.7836242141551,815.4464575474885,1,0.0,0.8575,8,tabular_q_train,0
121,-2515.062530517537,2514.562530517537,1,0.0,0.8563125,3,tabular_q_train,0
122,-1043.9589695083446,1042.7120378677196,1,0.0,0.855125,13,tabular_q_train,0
123,-954.3485226570932,953.9657025073536,1,0.0,0.8539375,14,tabular_q_train,0
124,-961.9974209005862,961.5900875672529,1,0.0,0.85275,9,tabular_q_train,0
125,-1207.2606247799154,1206.4709581132488,1,0.0,0.8515625,11,tabular_q_train,0
126,-1203.290081612733,1202.915081612733,1,0.0,0.850375,5,tabular_q_train,0
127,-1929.6172062699784,1929.1887062699784,1,0.0,0.8491875,3,tabular_q_train,0
128,-2509.762542724514,2509.262542724514,1,0.0,0.848,3,tabular_q_train,0
129,-1308.8631837625733,1308.5590323953857,1,0.0,0.8468125,7,tabular_q_train,0
130,-1638.5365492331487,1637.2807985821069,1,0.0,0.8456250000000001,11,tabular_q_train,0
131,-1340.4306319896752,1340.3417986563418,1,0.0,0.8444375,6,tabular_q_train,0
132,-1169.305914353623,1169.1684143536227,1,0.0,0.84325,4,tabular_q_train,0
133,-963.0400679530969,962.560567953097,1,0.0,0.8420624999999999,4,tabular_q_train,0
134,-1168.3939379292005,1168.080271262534,1,0.0,0.840875,9,tabular_q_train,0
135,-635.4852052366562,631.440791499677,1,0.0,0.8396875,7,tabular_q_train,0
136,-1894.4192569777156,1894.2514236443822,1,0.0,0.8385,7,tabular_q_train,0
137,-2180.5680930537983,2182.6740063024963,1,0.0,0.8373125,3,tabular_q_train,0
138,-2509.5875549316133,2509.5875549316133,1,0.0,0.836125,1,tabular_q_train,0
139,-1901.2883768212882,1895.553866892903,1,0.0,0.8349375,13,tabular_q_train,0
140,-1349.0613616216453,1337.5698936854474,1,0.0,0.83375,2,tabular_q_train,0
141,-540.1200044410991,541.3452619280783,1,0.0,0.8325625,12,tabular_q_train,0
142,-902.2025716511479,903.1607672891686,1,0.0,0.831375,10,tabular_q_train,0
143,-1063.7710137153986,1063.4256803820651,1,0.0,0.8301875000000001,11,tabular_q_train,0
144,-2514.612426757708,2514.612426757708,1,0.0,0.829,1,tabular_q_train,0
145,-1238.4364400204581,1238.2171066871247,1,0.0,0.8278125000000001,9,tabular_q_train,0
146,-1922.6113432158866,1922.5806765492198,1,0.0,0.8266249999999999,4,tabular_q_train,0
147,-1906.8954347450654,1906.7040616981903,1,0.0,0.8254375,8,tabular_q_train,0
148,-1891.8915309681881,1891.323532921313,1,0.0,0.82425,6,tabular_q_train,0
149,-1081.496697284478,1084.9481146021863,1,0.0,0.8230625,4,tabular_q_train,0
150,-2174.5287083546473,2178.9596095590737,1,0.0,0.821875,12,tabular_q_train,0
151,-1206.3378064976616,1221.6514300328174,1,0.0,0.8206875,11,tabular_q_train,0
152,-1288.0216936661188,1287.6947473770563,1,0.0,0.8195,10,tabular_q_train,0
153,-815.9535733706692,787.5979488589506,1,0.0,0.8183125,14,tabular_q_train,0
154,-980.8161024905176,984.9327047040593,1,0.0,0.817125,12,tabular_q_train,0
155,-1396.6287334776064,1395.2072334776062,1,0.0,0.8159375,12,tabular_q_train,0
156,-931.8130877792781,931.279465057924,1,0.0,0.81475,12,tabular_q_train,0
157,-1902.1972844812703,1900.9037590906453,1,0.0,0.8135625,10,tabular_q_train,0
158,-1060.7901131949332,1063.0600155386833,1,0.0,0.8123750000000001,4,tabular_q_train,0
159,-763.0537913865479,781.1407295375894,1,0.0,0.8111875,14,tabular_q_train,0
160,-649.774534511125,648.5521406309167,1,0.0,0.81,13,tabular_q_train,0
161,-1105.7677070476198,1105.0585403809532,1,0.0,0.8088124999999999,4,tabular_q_train,0
162,-894.9438027505931,897.108111669864,1,0.0,0.807625,14,tabular_q_train,0
163,-1106.0265338643812,1105.133033864381,1,0.0,0.8064375,6,tabular_q_train,0
164,-1320.3336842854414,1320.250350952108,1,0.0,0.80525,2,tabular_q_train,0
165,-1213.7007046219233,1226.8671873693193,1,0.0,0.8040625,9,tabular_q_train,0
166,-959.400981047134,959.1826477138006,1,0.0,0.802875,7,tabular_q_train,0
167,-1923.685110929048,1922.9455793535271,1,0.0,0.8016875,2,tabular_q_train,0
168,-1398.1062569697378,1387.7522530634878,1,0.0,0.8005,21,tabular_q_train,0
169,-1695.2037500879458,1687.7378422103416,1,0.0,0.7993125,6,tabular_q_train,0
170,-1344.4883019853798,1344.20280198538,1,0.0,0.798125,3,tabular_q_train,0
171,-1495.1326296467225,1484.6930918863054,1,0.0,0.7969375000000001,10,tabular_q_train,0
172,-1612.3258122142304,1682.1202684316781,1,0.0,0.79575,10,tabular_q_train,0
173,-1427.2679008469552,1416.2808051438299,1,0.0,0.7945625000000001,8,tabular_q_train,0
174,-992.865068799011,984.3382263510944,1,0.0,0.7933749999999999,15,tabular_q_train,0
175,-1638.0019576940406,1637.7306243607075,1,0.0,0.7921875,7,tabular_q_train,0
176,-1910.2348259715177,1907.1340580678716,1,0.0,0.791,10,tabular_q_train,0
177,-1434.3662549586857,1433.9069606878525,1,0.0,0.7898125,14,tabular_q_train,0
178,-858.4232992073194,862.7121582567984,1,0.0,0.788625,12,tabular_q_train,0
179,-2499.8875427245366,2499.8875427245366,1,0.0,0.7874375,1,tabular_q_train,0
180,-1055.3852069107097,1072.1195150161784,1,0.0,0.78625,6,tabular_q_train,0
181,-2509.1375732421284,2509.1375732421284,1,0.0,0.7850625,1,tabular_q_train,0
182,-1413.5205034510561,1413.8734422531397,1,0.0,0.783875,9,tabular_q_train,0
183,-947.5314887703305,947.2566554369972,1,0.0,0.7826875,9,tabular_q_train,0
184,-910.4212888753441,874.745859513365,1,0.0,0.7815,15,tabular_q_train,0
185,-1306.1422171434585,1305.9025504767917,1,0.0,0.7803125,7,tabular_q_train,0
186,-775.7543738128256,774.9737071461589,1,0.0,0.7791250000000001,8,tabular_q_train,0
187,-1066.5621390101758,1050.5496372198115,1,0.0,0.7779375,14,tabular_q_train,0
188,-943.6046511013581,945.5227494086496,1,0.0,0.77675,8,tabular_q_train,0
189,-1645.6243238147272,1645.4447199735814,1,0.0,0.7755625,12,tabular_q_train,0
190,-2516.4125061035065,2516.4125061035065,1,0.0,0.774375,1,tabular_q_train,0
191,-2187.544798852609,2187.4199655192756,1,0.0,0.7731875,10,tabular_q_train,0
192,-719.4137242499675,718.3807242499674,1,0.0,0.772,10,tabular_q_train,0
193,-928.6978456786954,967.726250952133,1,0.0,0.7708125,3,tabular_q_train,0
194,-1529.4518527643538,1530.8355825820622,1,0.0,0.769625,2,tabular_q_train,0
195,-1020.0849806898389,1019.7894396742139,1,0.0,0.7684375,15,tabular_q_train,0
196,-2502.9875183105332,2502.9875183105332,1,0.0,0.76725,1,tabular_q_train,0
197,-1129.0187142743735,1128.88588094104,1,0.0,0.7660625,3,tabular_q_train,0
198,-694.2648053491272,685.6461543074605,1,0.0,0.764875,13,tabular_q_train,0
199,-1918.7059327220418,1918.743530378292,1,0.0,0.7636875000000001,10,tabular_q_train,0
200,-1345.8918636134422,1315.2018787501606,1,0.0,0.7625,19,tabular_q_train,0
201,-1056.186859541269,1055.9235262079358,1,0.0,0.7613125000000001,5,tabular_q_train,0
202,-2514.5375061034656,2514.5375061034656,1,0.0,0.760125,1,tabular_q_train,0
203,-1036.9247556019716,1049.571700588951,1,0.0,0.7589375,13,tabular_q_train,0
204,-973.7540943084921,953.6573589569296,1,0.0,0.75775,11,tabular_q_train,0
205,-2499.337463378879,2499.337463378879,1,0.0,0.7565625,1,tabular_q_train,0
206,-1041.856195053487,1060.5111201836958,1,0.0,0.755375,6,tabular_q_train,0
207,-1145.7518201142184,1169.6484859670827,1,0.0,0.7541875,10,tabular_q_train,0
208,-1487.546564368563,1486.373214759188,1,0.0,0.753,5,tabular_q_train,0
209,-801.8038667461707,802.6844591940873,1,0.0,0.7518125,10,tabular_q_train,0
210,-1235.8964584024404,1235.397625069107,1,0.0,0.750625,7,tabular_q_train,0
211,-909.1917779148253,909.596698487742,1,0.0,0.7494375,14,tabular_q_train,0
212,-1691.8504522000787,1688.3438906766412,1,0.0,0.7482500000000001,7,tabular_q_train,0
213,-1013.7355564494054,1003.8240497762283,1,0.0,0.7470625,6,tabular_q_train,0
214,-2506.8541361490247,2506.687469482358,1,0.0,0.7458750000000001,2,tabular_q_train,0
215,-1275.6116311532594,1275.6018845712283,1,0.0,0.7446875,16,tabular_q_train,0
216,-2496.477752685474,2505.487518310474,1,0.0,0.7435,4,tabular_q_train,0
217,-1215.9122422728997,1215.6664089395663,1,0.0,0.7423125,8,tabular_q_train,0
218,-1410.840742309887,1409.59804829947,1,0.0,0.741125,22,tabular_q_train,0
219,-1070.881391534384,1070.1840582010504,1,0.0,0.7399375,4,tabular_q_train,0
220,-971.4927193938403,971.2430527271736,1,0.0,0.73875,7,tabular_q_train,0
221,-1286.1068047277047,1285.9593047277044,1,0.0,0.7375625,5,tabular_q_train,0
222,-1229.5452513140974,1229.2294179807639,1,0.0,0.736375,13,tabular_q_train,0
223,-907.2893655428626,917.4944843579667,1,0.0,0.7351875,13,tabular_q_train,0
224,-1896.663651638127,1889.0221238060954,1,0.0,0.734,12,tabular_q_train,0
225,-1917.5448412849369,1917.1870079516036,1,0.0,0.7328125000000001,5,tabular_q_train,0
226,-2501.279184977159,2501.1125183104923,1,0.0,0.731625,2,tabular_q_train,0
227,-2188.5740198211784,2188.532519821178,1,0.0,0.7304375000000001,8,tabular_q_train,0
228,-1101.0989704234423,1098.6019814911506,1,0.0,0.72925,13,tabular_q_train,0
229,-977.8983526115164,978.680749746933,1,0.0,0.7280625000000001,10,tabular_q_train,0
230,-2514.9042154947324,2514.737548828066,1,0.0,0.726875,2,tabular_q_train,0
231,-596.1186396355162,594.8647864454122,1,0.0,0.7256875,15,tabular_q_train,0
232,-1151.1703134546901,1150.5355426213569,1,0.0,0.7245,14,tabular_q_train,0
233,-1145.5160962006676,1164.4237876069176,1,0.0,0.7233125,4,tabular_q_train,0
234,-880.610444397746,881.0731286425379,1,0.0,0.722125,13,tabular_q_train,0
235,-2514.662475585851,2514.662475585851,1,0.0,0.7209375,1,tabular_q_train,0
236,-1092.0707809882197,1091.8294476548863,1,0.0,0.71975,11,tabular_q_train,0
237,-489.80840080137824,622.215100345649,1,0.0,0.7185625,14,tabular_q_train,0
238,-1170.4671203022397,1169.7220140196869,1,0.0,0.7173750000000001,12,tabular_q_train,0
239,-1284.2208818565964,1283.7060485232632,1,0.0,0.7161875,12,tabular_q_train,0
240,-2188.5443251507004,2188.389491817367,1,0.0,0.7150000000000001,2,tabular_q_train,0
241,-911.2562337968247,910.7712337968247,1,0.0,0.7138125,4,tabular_q_train,0
242,-1404.793463593693,1404.3469635936929,1,0.0,0.7126250000000001,9,tabular_q_train,0
243,-711.4518063768178,710.0003063768178,1,0.0,0.7114375,9,tabular_q_train,0
244,-2184.5196967075135,2183.7706700148055,1,0.0,0.71025,4,tabular_q_train,0
245,-1340.147083895871,1339.2284172292043,1,0.0,0.7090624999999999,17,tabular_q_train,0
246,-698.0893366070367,725.0728667177141,1,0.0,0.707875,14,tabular_q_train,0
247,-1103.6490266568514,1105.085583622997,1,0.0,0.7066874999999999,11,tabular_q_train,0
248,-1901.2280379268916,1896.8073544959018,1,0.0,0.7055,9,tabular_q_train,0
249,-1896.7401685926127,1895.3971685926126,1,0.0,0.7043125,16,tabular_q_train,0
250,-637.9325646344834,636.0514467959417,1,0.0,0.703125,17,tabular_q_train,0
251,-1015.1430499065075,1013.6016163127576,1,0.0,0.7019375000000001,14,tabular_q_train,0
252,-2503.000030517569,2503.000030517569,1,0.0,0.70075,1,tabular_q_train,0
253,-1894.4693503708174,1897.0464226364422,1,0.0,0.6995625000000001,10,tabular_q_train,0
254,-2188.480536915344,2188.527869597636,1,0.0,0.698375,7,tabular_q_train,0
255,-2191.5084082287954,2192.183189478795,1,0.0,0.6971875000000001,10,tabular_q_train,0
256,-991.518445200762,990.7811509299288,1,0.0,0.696,15,tabular_q_train,0
257,-908.4727402770125,948.5212196064396,1,0.0,0.6948125,5,tabular_q_train,0
258,-1068.2845573955801,1067.36255739558,1,0.0,0.6936249999999999,9,tabular_q_train,0
259,-1088.8921635049696,1097.424069103928,1,0.0,0.6924375,5,tabular_q_train,0
260,-1034.39551770317,1055.7497325469203,1,0.0,0.69125,10,tabular_q_train,0
261,-999.5336048074781,999.0127714741449,1,0.0,0.6900625,11,tabular_q_train,0
262,-1253.7492275635648,1273.9108996013251,1,0.0,0.688875,4,tabular_q_train,0
263,-690.05347382931,696.7572622407682,1,0.0,0.6876875,18,tabular_q_train,0
264,-855.9403166629991,869.4139488244574,1,0.0,0.6865,6,tabular_q_train,0
265,-561.737258297609,504.0502358366715,1,0.0,0.6853125,18,tabular_q_train,0
266,-1905.5623441669625,1901.106227956025,1,0.0,0.684125,6,tabular_q_train,0
267,-2509.5875549316133,2509.5875549316133,1,0.0,0.6829375,1,tabular_q_train,0
268,-1883.8629632435172,1879.3486367461214,1,0.0,0.6817500000000001,16,tabular_q_train,0
269,-1045.3545140625104,1044.6695140625104,1,0.0,0.6805625,9,tabular_q_train,0
270,-2181.1348978032506,2181.6033903162715,1,0.0,0.6793750000000001,14,tabular_q_train,0
271,-1192.3026104220085,1191.5239048556023,1,0.0,0.6781874999999999,7,tabular_q_train,0
272,-1461.6861254212001,1508.3374525696377,1,0.0,0.677,11,tabular_q_train,0
273,-2192.3369534307544,2192.250218404713,1,0.0,0.6758125,6,tabular_q_train,0
274,-979.3834402237967,977.2781068904633,1,0.0,0.674625,7,tabular_q_train,0
275,-1221.6937160226137,1221.4972160226134,1,0.0,0.6734375,7,tabular_q_train,0
276,-2181.334885272836,2185.689014179086,1,0.0,0.67225,4,tabular_q_train,0
277,-1682.2928265775538,1684.2038638496895,1,0.0,0.6710625,13,tabular_q_train,0
278,-891.3849823281104,888.7901151406104,1,0.0,0.669875,17,tabular_q_train,0
279,-843.0078793671776,856.179081190094,1,0.0,0.6686875,15,tabular_q_train,0
280,-799.5675085531354,821.52241268725,1,0.0,0.6675,12,tabular_q_train,0
281,-1655.2971171339618,1649.932048123545,1,0.0,0.6663125000000001,8,tabular_q_train,0
282,-2514.4749450682866,2514.4749450682866,1,0.0,0.665125,1,tabular_q_train,0
283,-754.2179823668214,756.8907787535402,1,0.0,0.6639375000000001,12,tabular_q_train,0
284,-1664.6692407134465,1664.5146723540715,1,0.0,0.66275,6,tabular_q_train,0
285,-2507.030375162651,2516.8124389647346,1,0.0,0.6615625,2,tabular_q_train,0
286,-1148.130198284764,1144.245575237889,1,0.0,0.660375,7,tabular_q_train,0
287,-1387.4554006783083,1385.3741708605999,1,0.0,0.6591875,10,tabular_q_train,0
288,-1047.6142792755427,1050.504003071116,1,0.0,0.658,18,tabular_q_train,0
289,-2501.204111734944,2501.0374450682775,1,0.0,0.6568125,2,tabular_q_train,0
290,-1414.8508804781193,1410.7697541760358,1,0.0,0.655625,15,tabular_q_train,0
291,-1091.1734620154357,1081.5788265987694,1,0.0,0.6544375,20,tabular_q_train,0
292,-1891.8061707738814,1889.926837440548,1,0.0,0.65325,21,tabular_q_train,0
293,-1229.0054067177912,1227.2234067177912,1,0.0,0.6520625,15,tabular_q_train,0
294,-1172.7748255758636,1177.5618607321135,1,0.0,0.6508750000000001,10,tabular_q_train,0
295,-970.2456437720035,968.6003104386701,1,0.0,0.6496875,11,tabular_q_train,0
296,-2187.9268003845596,2187.6338003845594,1,0.0,0.6485000000000001,12,tabular_q_train,0
297,-2199.767414989576,2199.541581656243,1,0.0,0.6473125,4,tabular_q_train,0
298,-548.3807927995665,558.5210773047748,1,0.0,0.6461250000000001,9,tabular_q_train,0
299,-1232.5800402694922,1232.4160402694922,1,0.0,0.6449374999999999,4,tabular_q_train,0
300,-1226.252192618538,1231.502495352913,1,0.0,0.64375,13,tabular_q_train,0
301,-1418.4095832657827,1417.7310832657827,1,0.0,0.6425625,4,tabular_q_train,0
302,-942.8467837225528,942.2985957342718,1,0.0,0.641375,13,tabular_q_train,0
303,-865.15677761,888.9974034238021,1,0.0,0.6401875,15,tabular_q_train,0
304,-730.5250239789866,729.9884390180491,1,0.0,0.639,24,tabular_q_train,0
305,-1877.7285028498218,1878.4267012547698,1,0.0,0.6378125000000001,22,tabular_q_train,0
306,-1072.8083404343947,1104.6916558640821,1,0.0,0.636625,10,tabular_q_train,0
307,-1135.7525109480391,1121.0903913191328,1,0.0,0.6354375000000001,4,tabular_q_train,0
308,-809.4609564984951,805.338456498495,1,0.0,0.63425,10,tabular_q_train,0
309,-1066.0556585335323,1092.4331280973342,1,0.0,0.6330625000000001,9,tabular_q_train,0
310,-1437.869376132343,1440.3894161714054,1,0.0,0.631875,8,tabular_q_train,0
311,-716.9667617778015,723.2358591085308,1,0.0,0.6306875000000001,17,tabular_q_train,0
312,-1793.7797068131774,1929.843797307969,1,0.0,0.6295,5,tabular_q_train,0
313,-1645.459428661964,1647.5301851723807,1,0.0,0.6283125,3,tabular_q_train,0
314,-1084.666200052506,1084.0782000525062,1,0.0,0.6271249999999999,10,tabular_q_train,0
315,-795.5211969163879,774.5274404059712,1,0.0,0.6259375,14,tabular_q_train,0
316,-1653.892546066423,1653.1910460664233,1,0.0,0.62475,15,tabular_q_train,0
317,-967.070048144802,995.9529115888123,1,0.0,0.6235625,9,tabular_q_train,0
318,-908.612475877327,932.6178368799311,1,0.0,0.622375,8,tabular_q_train,0
319,-1009.8034638295018,964.0678054636161,1,0.0,0.6211875,18,tabular_q_train,0
320,-1629.4349390656544,1628.4018329458631,1,0.0,0.62,15,tabular_q_train,0
321,-1090.2628281062066,1122.9020953588108,1,0.0,0.6188125,15,tabular_q_train,0
322,-864.9477950223695,861.4012950223694,1,0.0,0.617625,21,tabular_q_train,0
323,-933.2980330422528,932.7100330422528,1,0.0,0.6164375,10,tabular_q_train,0
324,-1448.385204680785,1434.8036286716701,1,0.0,0.6152500000000001,12,tabular_q_train,0
325,-792.0065444166983,791.3763777500316,1,0.0,0.6140625,10,tabular_q_train,0
326,-976.2395985884865,954.8202327030699,1,0.0,0.6128750000000001,10,tabular_q_train,0
327,-2193.586568860924,2193.3812355275913,1,0.0,0.6116874999999999,4,tabular_q_train,0
328,-1057.4641135552354,1054.1966312961206,1,0.0,0.6105,16,tabular_q_train,0
329,-659.7930198277269,718.7149278680914,1,0.0,0.6093125,16,tabular_q_train,0
330,-1630.3252285518045,1652.5889235387835,1,0.0,0.608125,20,tabular_q_train,0
331,-1415.7238503833753,1415.5915756437917,1,0.0,0.6069375,11,tabular_q_train,0
332,-750.3442090026173,785.0652355325652,1,0.0,0.60575,18,tabular_q_train,0
333,-2502.187499999991,2502.187499999991,1,0.0,0.6045625,1,tabular_q_train,0
334,-1703.7284600080418,1693.0648890444998,1,0.0,0.603375,12,tabular_q_train,0
335,-695.3260858564869,694.1709191898202,1,0.0,0.6021875,8,tabular_q_train,0
336,-762.6862147044111,766.2985669179528,1,0.0,0.601,8,tabular_q_train,0
337,-2501.6125488281205,2501.6125488281205,1,0.0,0.5998125000000001,1,tabular_q_train,0
338,-803.0167564187246,800.3106994525788,1,0.0,0.598625,12,tabular_q_train,0
339,-1020.0281099808846,1018.7874433142179,1,0.0,0.5974375000000001,15,tabular_q_train,0
340,-1418.2191510552566,1417.9733177219227,1,0.0,0.59625,11,tabular_q_train,0
341,-1632.3755027624757,1635.688487300236,1,0.0,0.5950625,14,tabular_q_train,0
342,-1290.8448097665032,1290.395309766503,1,0.0,0.593875,11,tabular_q_train,0
343,-721.987184422497,731.6878172349969,1,0.0,0.5926875,17,tabular_q_train,0
344,-661.3730563829679,676.4994365913012,1,0.0,0.5915,8,tabular_q_train,0
345,-1233.1569788171641,1232.9495129968516,1,0.0,0.5903125,6,tabular_q_train,0
346,-967.326049998184,983.5034808250069,1,0.0,0.589125,6,tabular_q_train,0
347,-1065.6000551404584,1064.1960551404584,1,0.0,0.5879375,7,tabular_q_train,0
348,-826.0942862721887,829.9297061940636,1,0.0,0.58675,16,tabular_q_train,0
349,-1061.0439765351584,1047.7898487682314,1,0.0,0.5855625,8,tabular_q_train,0
350,-1710.9344147892098,1710.8034147892097,1,0.0,0.5843750000000001,2,tabular_q_train,0
351,-734.6438294979653,731.8736628312985,1,0.0,0.5831875,16,tabular_q_train,0
352,-1370.2042563382402,1369.8420896715734,1,0.0,0.5820000000000001,13,tabular_q_train,0
353,-905.6838297568904,905.1844169964739,1,0.0,0.5808125000000001,16,tabular_q_train,0
354,-2193.334185348689,2193.310018682022,1,0.0,0.5796250000000001,5,tabular_q_train,0
355,-1481.5204131887708,1467.1155805064786,1,0.0,0.5784375,18,tabular_q_train,0
356,-927.197215872796,926.4243135290461,1,0.0,0.57725,11,tabular_q_train,0
357,-2188.215419364786,2187.7205367150464,1,0.0,0.5760625,9,tabular_q_train,0
358,-1309.3323223542964,1309.2967691316398,1,0.0,0.574875,13,tabular_q_train,0
359,-1660.9591686412666,1669.9859804902248,1,0.0,0.5736875,4,tabular_q_train,0
360,-1652.6939787661747,1651.817312099508,1,0.0,0.5725,15,tabular_q_train,0
361,-1699.4220612646902,1691.792683660523,1,0.0,0.5713125000000001,17,tabular_q_train,0
362,-856.6828009292716,858.8675004735423,1,0.0,0.570125,12,tabular_q_train,0
363,-1154.0387886670242,1155.538784598014,1,0.0,0.5689375000000001,8,tabular_q_train,0
364,-1136.2922115639842,1061.0258609780465,1,0.0,0.56775,13,tabular_q_train,0
365,-800.9823819028512,807.5523975278512,1,0.0,0.5665625000000001,22,tabular_q_train,0
366,-750.0520331959333,748.989651034475,1,0.0,0.565375,22,tabular_q_train,0
367,-1374.720103761758,1374.230603761758,1,0.0,0.5641875000000001,10,tabular_q_train,0
368,-1884.3977170745816,1887.7766519704146,1,0.0,0.563,9,tabular_q_train,0
369,-1900.5627721020962,1898.7796077140756,1,0.0,0.5618125,20,tabular_q_train,0
370,-1440.7315343642997,1440.5472010309666,1,0.0,0.5606249999999999,14,tabular_q_train,0
371,-1164.5707868395089,1162.0852868395084,1,0.0,0.5594375,23,tabular_q_train,0
372,-1225.0328603912435,1223.17252705791,1,0.0,0.55825,14,tabular_q_train,0
373,-1887.0906711398259,1887.501093665867,1,0.0,0.5570625,18,tabular_q_train,0
374,-1140.8460819623817,1140.5222486290481,1,0.0,0.555875,10,tabular_q_train,0
375,-2480.320627848266,2500.1124572753497,1,0.0,0.5546875,2,tabular_q_train,0
376,-1247.0783373194547,1254.4808672673712,1,0.0,0.5535000000000001,11,tabular_q_train,0
377,-1082.0816744422298,1070.9327154578548,1,0.0,0.5523125,4,tabular_q_train,0
378,-1091.6699790301136,1097.3784634051135,1,0.0,0.5511250000000001,8,tabular_q_train,0
379,-652.4654923166701,651.9377787750035,1,0.0,0.5499375,14,tabular_q_train,0
380,-1923.0560938347974,1923.032260501464,1,0.0,0.5487500000000001,2,tabular_q_train,0
381,-2509.53750610347,2509.53750610347,1,0.0,0.5475625,1,tabular_q_train,0
382,-1417.8713419862916,1416.762547227177,1,0.0,0.546375,15,tabular_q_train,0
383,-2199.054953477323,2199.279480170032,1,0.0,0.5451874999999999,8,tabular_q_train,0
384,-1654.8317181383134,1652.4091302476884,1,0.0,0.544,4,tabular_q_train,0
385,-1918.428863362543,1917.4710300292095,1,0.0,0.5428125,22,tabular_q_train,0
386,-1239.4581839238972,1239.010183923897,1,0.0,0.541625,7,tabular_q_train,0
387,-2229.099496237027,2184.835212057338,1,0.0,0.5404375,16,tabular_q_train,0
388,-2191.692110281918,2191.6694436152516,1,0.0,0.53925,6,tabular_q_train,0
389,-1912.1499002103465,1912.051400210346,1,0.0,0.5380625,10,tabular_q_train,0
390,-1454.6868189464076,1446.6375617849492,1,0.0,0.536875,11,tabular_q_train,0
391,-731.0519673072092,755.3033330298654,1,0.0,0.5356875,15,tabular_q_train,0
392,-1135.4970319104607,1174.350297047179,1,0.0,0.5345,21,tabular_q_train,0
393,-1671.8180816920305,1670.9209150253637,1,0.0,0.5333125000000001,21,tabular_q_train,0
394,-2188.236196517722,2187.39495367918,1,0.0,0.532125,10,tabular_q_train,0
395,-1189.4412083971959,1188.9767083971956,1,0.0,0.5309375000000001,11,tabular_q_train,0
396,-1377.3816273881648,1377.2513894324359,1,0.0,0.5297499999999999,13,tabular_q_train,0
397,-1540.7767027908324,1539.5860361241657,1,0.0,0.5285625,5,tabular_q_train,0
398,-2185.0615448027575,2184.024352908226,1,0.0,0.527375,22,tabular_q_train,0
399,-1694.4133019610124,1692.866635294346,1,0.0,0.5261875,17,tabular_q_train,0
400,-684.5129630441086,796.9218141183273,1,0.0,0.525,11,tabular_q_train,0
401,-945.9653319301786,958.1205827439808,1,0.0,0.5238125,18,tabular_q_train,0
402,-1896.2032338940592,1896.917330736507,1,0.0,0.5226250000000001,6,tabular_q_train,0
403,-1478.5620736101532,1483.2665876075491,1,0.0,0.5214375,24,tabular_q_train,0
404,-816.3362928071801,820.8823518892112,1,0.0,0.5202500000000001,9,tabular_q_train,0
405,-752.2741197016319,753.146036205538,1,0.0,0.5190625,21,tabular_q_train,0
406,-1060.5674514939262,1059.3563421189265,1,0.0,0.5178750000000001,15,tabular_q_train,0
407,-1917.788201450945,1917.752701450945,1,0.0,0.5166875,5,tabular_q_train,0
408,-1640.6933218435934,1643.9936979829158,1,0.0,0.5155000000000001,15,tabular_q_train,0
409,-845.1918816359617,844.0205483026285,1,0.0,0.5143125000000001,14,tabular_q_train,0
410,-935.9281903100682,924.4415408960058,1,0.0,0.513125,9,tabular_q_train,0
411,-1248.558988666628,1246.675821999961,1,0.0,0.5119374999999999,13,tabular_q_train,0
412,-827.3426905257293,821.1763571923959,1,0.0,0.51075,13,tabular_q_train,0
413,-2192.9134009518716,2192.1558482174974,1,0.0,0.5095625,22,tabular_q_train,0
414,-1028.9999603331014,1082.2749627745077,1,0.0,0.508375,18,tabular_q_train,0
415,-898.9175239629968,890.7789222377365,1,0.0,0.5071874999999999,22,tabular_q_train,0
416,-2512.0625305175417,2509.5625305175417,1,0.0,0.506,6,tabular_q_train,0
417,-768.4255369676799,781.7834663296592,1,0.0,0.5048125000000001,20,tabular_q_train,0
418,-974.6338104013648,839.1266518727192,1,0.0,0.503625,22,tabular_q_train,0
419,-2501.6125488281205,2501.6125488281205,1,0.0,0.5024375,1,tabular_q_train,0
420,-898.4854033643647,886.9708887159273,1,0.0,0.50125,15,tabular_q_train,0
421,-926.0415976503931,924.2313424420596,1,0.0,0.5000625000000001,19,tabular_q_train,0
422,-1120.2898314275737,1102.0677630681985,1,0.0,0.49887500000000007,15,tabular_q_train,0
423,-1452.9964592472347,1458.623127867027,1,0.0,0.49768749999999995,16,tabular_q_train,0
424,-892.0814255895982,889.3864255895984,1,0.0,0.49650000000000005,14,tabular_q_train,0
425,-1395.454548894262,1390.6712155609289,1,0.0,0.49531250000000004,15,tabular_q_train,0
426,-1086.8333586831118,1083.4021407469145,1,0.0,0.49412500000000004,21,tabular_q_train,0
427,-1215.2631290379109,1214.5194903660358,1,0.0,0.49293750000000003,13,tabular_q_train,0
428,-817.7196521248698,815.9748031665364,1,0.0,0.49175,7,tabular_q_train,0
429,-1903.1935692201534,1903.1097358868205,1,0.0,0.4905625,13,tabular_q_train,0
430,-1129.3669084576168,1133.284735931575,1,0.0,0.489375,11,tabular_q_train,0
431,-1452.3220061095742,1453.7535357319703,1,0.0,0.4881875000000001,15,tabular_q_train,0
432,-1640.969278418541,1640.4386228195826,1,0.0,0.487,17,tabular_q_train,0
433,-2479.384653727118,2499.2375183104514,1,0.0,0.4858125,2,tabular_q_train,0
434,-1410.761686046131,1410.551186046131,1,0.0,0.4846250000000001,5,tabular_q_train,0
435,-700.971311445923,695.166311445923,1,0.0,0.4834375000000001,12,tabular_q_train,0
436,-2185.8652494383687,2185.251988045139,1,0.0,0.48224999999999996,17,tabular_q_train,0
437,-669.6739446698817,664.5069446698818,1,0.0,0.48106250000000006,24,tabular_q_train,0
438,-875.1046539782611,866.0498597074278,1,0.0,0.47987500000000005,26,tabular_q_train,0
439,-616.427811131991,636.5520992179286,1,0.0,0.47868750000000004,17,tabular_q_train,0
440,-1163.8251512845245,1121.2656239407743,1,0.0,0.47750000000000004,7,tabular_q_train,0
441,-2194.039811101238,2193.3514777679047,1,0.0,0.4763125,13,tabular_q_train,0
442,-744.2334616641213,740.1151283307879,1,0.0,0.475125,26,tabular_q_train,0
443,-1089.2449378222932,1063.7418649056267,1,0.0,0.4739375,6,tabular_q_train,0
444,-1058.6239003056116,1056.8599055139448,1,0.0,0.47275,7,tabular_q_train,0
445,-1268.2307755744862,1266.1494422411524,1,0.0,0.4715625,19,tabular_q_train,0
446,-1307.927562043542,1307.3575620435417,1,0.0,0.470375,15,tabular_q_train,0
447,-1046.206188622539,1043.4301970860806,1,0.0,0.4691875000000001,18,tabular_q_train,0
448,-1029.300946634174,1027.7676133008406,1,0.0,0.46799999999999997,19,tabular_q_train,0
449,-806.8321127380501,816.5571895609669,1,0.0,0.46681249999999996,25,tabular_q_train,0
450,-840.9935921523827,841.0380016575909,1,0.0,0.46562500000000007,18,tabular_q_train,0
451,-1629.1694420414017,1654.3099575036413,1,0.0,0.46443750000000006,22,tabular_q_train,0
452,-1539.9910964861322,1534.8399070330072,1,0.0,0.46325000000000005,4,tabular_q_train,0
453,-766.7175719351812,757.780351557577,1,0.0,0.46206250000000004,27,tabular_q_train,0
454,-803.8025427464211,932.9999218154314,1,0.0,0.46087500000000003,23,tabular_q_train,0
455,-1159.8095913355937,1157.8859246689271,1,0.0,0.4596875,17,tabular_q_train,0
456,-1671.9717255658256,1670.5395588991587,1,0.0,0.4585,15,tabular_q_train,0
457,-1016.0725442055892,1078.3475839191312,1,0.0,0.4573125,28,tabular_q_train,0
458,-810.9172431849289,815.5080893763353,1,0.0,0.456125,14,tabular_q_train,0
459,-2188.71938652491,2188.0135531915776,1,0.0,0.4549375,16,tabular_q_train,0
460,-1116.501312395026,1112.823450415859,1,0.0,0.4537500000000001,6,tabular_q_train,0
461,-1140.0009327385192,1141.3118380119568,1,0.0,0.4525625,8,tabular_q_train,0
462,-368.2199029937456,732.8670104156206,1,0.0,0.45137499999999997,15,tabular_q_train,0
463,-1022.4960655293204,1019.1225655293204,1,0.0,0.4501875000000001,20,tabular_q_train,0
464,-841.5990143144941,818.4619147051192,1,0.0,0.44900000000000007,25,tabular_q_train,0
465,-1186.6332562635225,1183.4365895968558,1,0.0,0.44781249999999995,8,tabular_q_train,0
466,-980.8746972572462,1016.6626282468295,1,0.0,0.44662500000000005,26,tabular_q_train,0
467,-1504.1250595340432,1488.0118744754495,1,0.0,0.44543750000000004,15,tabular_q_train,0
468,-1650.1607791684285,1649.7665923194697,1,0.0,0.44425000000000003,11,tabular_q_train,0
469,-1929.3123420464494,1929.169508713116,1,0.0,0.4430625,2,tabular_q_train,0
470,-1409.8999662488027,1408.6777416394273,1,0.0,0.441875,13,tabular_q_train,0
471,-1900.9232268445137,1913.2079260632636,1,0.0,0.4406875,17,tabular_q_train,0
472,-842.3072292644431,843.3141765300677,1,0.0,0.4395,29,tabular_q_train,0
473,-1263.1980025906314,1247.3049094916732,1,0.0,0.4383125,14,tabular_q_train,0
474,-2510.004160563051,2509.8374938963843,1,0.0,0.437125,2,tabular_q_train,0
475,-1177.9715056710727,1202.9322887114372,1,0.0,0.4359375,17,tabular_q_train,0
476,-943.1331740989173,1006.5128934999591,1,0.0,0.4347500000000001,22,tabular_q_train,0
477,-940.2445784473207,1028.1699928353414,1,0.0,0.4335625000000001,7,tabular_q_train,0
478,-775.3963610810047,790.283544023713,1,0.0,0.43237499999999995,16,tabular_q_train,0
479,-1163.915974338069,1159.5798467339023,1,0.0,0.43118750000000006,24,tabular_q_train,0
480,-1054.2417569740628,1057.316610164167,1,0.0,0.43000000000000005,22,tabular_q_train,0
481,-1420.9011565343892,1434.8493127843892,1,0.0,0.42881250000000004,27,tabular_q_train,0
482,-1195.2283744051779,1187.923768936428,1,0.0,0.42762500000000003,11,tabular_q_train,0
483,-1900.8131254334987,1900.8296736105817,1,0.0,0.4264375,11,tabular_q_train,0
484,-1643.2557509410153,1684.9403137665356,1,0.0,0.42525,24,tabular_q_train,0
485,-1201.7233100075925,1239.3923288878009,1,0.0,0.4240625000000001,17,tabular_q_train,0
486,-1427.3876688929024,1378.686891711913,1,0.0,0.422875,21,tabular_q_train,0
487,-2189.968315338776,2188.899481354401,1,0.0,0.4216875,12,tabular_q_train,0
488,-1104.307017815273,1086.7413537527727,1,0.0,0.4205,20,tabular_q_train,0
489,-1632.5351267793546,1638.3427508027917,1,0.0,0.4193125000000001,27,tabular_q_train,0
490,-1339.6866496115028,1337.867990757336,1,0.0,0.41812499999999997,16,tabular_q_train,0
491,-991.8856272081396,997.2231057237645,1,0.0,0.41693749999999996,27,tabular_q_train,0
492,-1662.5481575730078,1662.815248067799,1,0.0,0.41575000000000006,7,tabular_q_train,0
493,-1424.523616713766,1424.165616713766,1,0.0,0.41456250000000006,16,tabular_q_train,0
494,-1894.8540804825727,1894.22174714924,1,0.0,0.41337499999999994,14,tabular_q_train,0
495,-2187.2479172005305,2187.2140838671976,1,0.0,0.41218750000000004,3,tabular_q_train,0
496,-590.7873880457893,543.7923937424038,1,0.0,0.41100000000000003,27,tabular_q_train,0
497,-569.1435181143194,566.3071584137984,1,0.0,0.4098125,23,tabular_q_train,0
498,-1468.4650856815547,1463.7020856815548,1,0.0,0.408625,17,tabular_q_train,0
499,-1628.5089560591737,1628.3440043990176,1,0.0,0.4074375,12,tabular_q_train,0
500,-882.1456867545236,880.2749444042632,1,0.0,0.40625,29,tabular_q_train,0
501,-1688.6604833853487,1688.3408167186817,1,0.0,0.4050625000000001,13,tabular_q_train,0
502,-1267.67081934511,1231.380868010474,1,0.0,0.4038750000000001,21,tabular_q_train,0
503,-1312.7025318693406,1276.1937330412156,1,0.0,0.4026875,21,tabular_q_train,0
504,-2192.079800930667,2191.617327623376,1,0.0,0.4015000000000001,21,tabular_q_train,0
505,-1826.1797080302913,1883.2192772034678,1,0.0,0.40031250000000007,24,tabular_q_train,0
506,-966.7366225557453,980.1878168916828,1,0.0,0.39912500000000006,29,tabular_q_train,0
507,-2536.0486246744017,2515.862426757735,1,0.0,0.39793749999999994,2,tabular_q_train,0
508,-1021.8818093481661,1042.903626079937,1,0.0,0.39675000000000005,24,tabular_q_train,0
509,-1121.1510903085712,1118.0668998788838,1,0.0,0.39556250000000004,3,tabular_q_train,0
510,-2183.226557461832,2188.104239265216,1,0.0,0.39437500000000003,22,tabular_q_train,0
511,-760.317649156085,714.6004846053038,1,0.0,0.3931875,18,tabular_q_train,0
512,-1284.2776422635143,1284.1454755968473,1,0.0,0.392,11,tabular_q_train,0
513,-1061.3567001917936,1070.5809938115854,1,0.0,0.3908125,11,tabular_q_train,0
514,-1903.2701566180451,1890.6175270607534,1,0.0,0.3896250000000001,13,tabular_q_train,0
515,-2188.3600178843544,2187.7710276499797,1,0.0,0.3884375,17,tabular_q_train,0
516,-1642.6830417123101,1636.741918990956,1,0.0,0.38725,6,tabular_q_train,0
517,-927.5425471147947,927.4761187293778,1,0.0,0.3860625000000001,31,tabular_q_train,0
518,-1194.8836184616391,1193.8453437220553,1,0.0,0.3848750000000001,11,tabular_q_train,0
519,-1116.4980320459415,1115.831628400108,1,0.0,0.38368749999999996,11,tabular_q_train,0
520,-1425.294070392332,1332.8689134912902,1,0.0,0.38250000000000006,13,tabular_q_train,0
521,-984.2191727614136,974.6203184319864,1,0.0,0.38131250000000005,17,tabular_q_train,0
522,-1229.6091474204607,1242.3023070884296,1,0.0,0.38012500000000005,21,tabular_q_train,0
523,-2501.437530517478,2501.437530517478,1,0.0,0.3789374999999999,1,tabular_q_train,0
524,-2190.7817317007175,2190.2388983673845,1,0.0,0.37775000000000003,10,tabular_q_train,0
525,-2193.756338747843,2199.6288760199786,1,0.0,0.3765625,7,tabular_q_train,0
526,-1386.743683963319,1417.0883151482149,1,0.0,0.375375,8,tabular_q_train,0
527,-2196.4787315875064,2196.4032315875065,1,0.0,0.3741875000000001,10,tabular_q_train,0
528,-1042.1836093065524,1036.0535489224378,1,0.0,0.373,18,tabular_q_train,0
529,-1060.4353497190755,1047.8371869586585,1,0.0,0.3718125,19,tabular_q_train,0
530,-1610.7042141345985,1614.8272864002224,1,0.0,0.3706250000000001,32,tabular_q_train,0
531,-1231.0828966497122,1300.958039716118,1,0.0,0.3694375000000001,21,tabular_q_train,0
532,-1214.0952305056228,1227.3330880902581,1,0.0,0.36824999999999997,22,tabular_q_train,0
533,-2174.4768032280094,2182.671162440248,1,0.0,0.36706250000000007,22,tabular_q_train,0
534,-1424.8203070351672,1442.411443428396,1,0.0,0.36587500000000006,32,tabular_q_train,0
535,-1016.1845513254776,1049.5419816640194,1,0.0,0.36468750000000005,18,tabular_q_train,0
536,-787.8817371439909,784.6310704773243,1,0.0,0.36350000000000005,25,tabular_q_train,0
537,-2502.8875732421056,2502.8875732421056,1,0.0,0.36231250000000004,1,tabular_q_train,0
538,-1205.730358316708,1223.5328560380622,1,0.0,0.36112500000000003,22,tabular_q_train,0
539,-1677.6730122286763,1651.9176831271136,1,0.0,0.3599375,32,tabular_q_train,0
540,-1018.566082542804,1015.0626316964497,1,0.0,0.35875,18,tabular_q_train,0
541,-638.9259911519158,631.520963482645,1,0.0,0.3575625,27,tabular_q_train,0
542,-2528.2986857095807,2508.112487792914,1,0.0,0.356375,2,tabular_q_train,0
543,-1177.0089449125937,1051.6279125232709,1,0.0,0.3551875000000001,26,tabular_q_train,0
544,-2171.8926331462512,2180.7645312582304,1,0.0,0.354,33,tabular_q_train,0
545,-1237.0319958469966,1232.938896888663,1,0.0,0.3528125,18,tabular_q_train,0
546,-864.8573300407805,862.0119967074475,1,0.0,0.3516250000000001,22,tabular_q_train,0
547,-893.9046052940348,876.4170587445554,1,0.0,0.35043750000000007,28,tabular_q_train,0
548,-2508.1625366210574,2508.1625366210574,1,0.0,0.34924999999999995,1,tabular_q_train,0
549,-668.4843060631115,641.938928133424,1,0.0,0.34806250000000005,28,tabular_q_train,0
550,-2127.8307833548747,2195.4522208548747,1,0.0,0.34687500000000004,4,tabular_q_train,0
551,-1715.7075339382445,1707.2328581569946,1,0.0,0.34568750000000004,4,tabular_q_train,0
552,-1888.0810683208274,1884.37565523489,1,0.0,0.34450000000000003,27,tabular_q_train,0
553,-536.5229634579692,528.4521301246359,1,0.0,0.3433125,32,tabular_q_train,0
554,-930.545065855717,929.3360658557169,1,0.0,0.342125,7,tabular_q_train,0
555,-1622.2133649462894,1620.1244556038414,1,0.0,0.3409375,18,tabular_q_train,0
556,-1631.701614813488,1643.062636948905,1,0.0,0.3397500000000001,11,tabular_q_train,0
557,-534.5758251420153,604.9267717565987,1,0.0,0.3385625,13,tabular_q_train,0
558,-1324.1761105855612,1320.0927772522277,1,0.0,0.337375,8,tabular_q_train,0
559,-731.2391340143957,723.8418006810625,1,0.0,0.3361875000000001,33,tabular_q_train,0
560,-1693.638352857545,1688.5665657481704,1,0.0,0.3350000000000001,19,tabular_q_train,0
561,-1081.5585231467057,1077.6725231467058,1,0.0,0.33381249999999996,21,tabular_q_train,0
562,-1347.9853807544043,1392.7085177986753,1,0.0,0.33262500000000006,18,tabular_q_train,0
563,-1424.551875261492,1366.5162995778978,1,0.0,0.33143750000000005,32,tabular_q_train,0
564,-1065.756048057438,986.7767179793129,1,0.0,0.33025000000000004,24,tabular_q_train,0
565,-1882.5776098909478,1927.539749864906,1,0.0,0.32906250000000004,5,tabular_q_train,0
566,-1673.4113716505726,1672.175693265156,1,0.0,0.327875,30,tabular_q_train,0
567,-2196.4549077675183,2182.7796242388727,1,0.0,0.3266875,14,tabular_q_train,0
568,-1858.3502377632942,1693.759746715117,1,0.0,0.3255,21,tabular_q_train,0
569,-770.8986528471875,764.1355512846876,1,0.0,0.3243125,27,tabular_q_train,0
570,-2524.24381510408,2509.0624999999136,1,0.0,0.323125,2,tabular_q_train,0
571,-1655.0746825084375,1654.767849175104,1,0.0,0.3219375,12,tabular_q_train,0
572,-768.5957608337401,651.5218156840007,1,0.0,0.3207500000000001,34,tabular_q_train,0
573,-1465.6771153655911,1466.1485444020495,1,0.0,0.31956249999999997,5,tabular_q_train,0
574,-1376.2257664302297,1271.5992210200736,1,0.0,0.31837499999999996,12,tabular_q_train,0
575,-2195.4401834501505,2195.3971834501504,1,0.0,0.31718750000000007,4,tabular_q_train,0
576,-1040.6554061304562,1057.9552034937378,1,0.0,0.31600000000000006,19,tabular_q_train,0
577,-2061.3912275405696,2189.91956754708,1,0.0,0.31481250000000005,11,tabular_q_train,0
578,-1473.2414972245738,1481.7014737870736,1,0.0,0.31362500000000004,30,tabular_q_train,0
579,-1401.1506058666714,1418.0271371166714,1,0.0,0.31243750000000003,7,tabular_q_train,0
580,-1316.7150357564258,1321.1365852355925,1,0.0,0.31125,4,tabular_q_train,0
581,-516.0867351290747,605.7501202202205,1,0.0,0.31006250000000013,30,tabular_q_train,0
582,-963.074744992289,955.8705190808308,1,0.0,0.308875,23,tabular_q_train,0
583,-1709.1934412816997,1707.5884412817002,1,0.0,0.3076875,10,tabular_q_train,0
584,-892.1275946936998,904.945144661148,1,0.0,0.3065,30,tabular_q_train,0
585,-1435.5622192365647,1405.8340805646903,1,0.0,0.3053125000000001,33,tabular_q_train,0
586,-2497.334635416644,2517.1874999999773,1,0.0,0.304125,2,tabular_q_train,0
587,-2151.6546752093823,2187.076969642976,1,0.0,0.30293749999999997,32,tabular_q_train,0
588,-1198.375311914101,1196.2573119141011,1,0.0,0.3017500000000001,11,tabular_q_train,0
589,-1187.4084878907565,1188.7488134115897,1,0.0,0.30056250000000007,18,tabular_q_train,0
590,-612.2353297025759,607.3671630359092,1,0.0,0.29937499999999995,21,tabular_q_train,0
591,-1221.4093205998702,1210.9750017522138,1,0.0,0.29818750000000005,17,tabular_q_train,0
592,-2519.9541422525313,2515.2874755858647,1,0.0,0.29700000000000004,8,tabular_q_train,0
593,-1251.1309850406628,1250.0861517073295,1,0.0,0.29581250000000003,7,tabular_q_train,0
594,-834.2893304902117,833.2098304902119,1,0.0,0.294625,13,tabular_q_train,0
595,-1239.2790417539295,1216.2006413633048,1,0.0,0.2934375,32,tabular_q_train,0
596,-1176.9802228221909,1169.725468264899,1,0.0,0.29225,34,tabular_q_train,0
597,-2222.133643588772,2189.1223906590844,1,0.0,0.2910625000000001,3,tabular_q_train,0
598,-1440.894203051222,1418.6796343663257,1,0.0,0.289875,19,tabular_q_train,0
599,-1376.1807180056066,1374.1710532920652,1,0.0,0.2886875,19,tabular_q_train,0
600,-840.1469712360548,836.1761463662631,1,0.0,0.2875000000000001,17,tabular_q_train,0
601,-676.3920634358315,686.9888035074462,1,0.0,0.2863125000000001,32,tabular_q_train,0
602,-1515.8264308759342,1427.812318896767,1,0.0,0.2851250000000001,24,tabular_q_train,0
603,-1213.0326009387793,1211.6264043241952,1,0.0,0.28393749999999995,29,tabular_q_train,0
604,-2196.275921963635,2191.4432552969683,1,0.0,0.28275000000000006,32,tabular_q_train,0
605,-948.4820370573605,944.592203724027,1,0.0,0.28156250000000005,29,tabular_q_train,0
606,-1217.0019097437073,1206.240066644749,1,0.0,0.28037500000000004,36,tabular_q_train,0
607,-1213.30179292932,1210.7559595959865,1,0.0,0.27918750000000003,17,tabular_q_train,0
608,-1068.9302246372063,1060.4633302687168,1,0.0,0.278,34,tabular_q_train,0
609,-753.9766432615618,743.8541432615618,1,0.0,0.2768125,28,tabular_q_train,0
610,-1188.0174249262461,1181.6848883051523,1,0.0,0.2756250000000001,37,tabular_q_train,0
611,-1068.9930247396805,1014.3991324870765,1,0.0,0.2744375,18,tabular_q_train,0
612,-887.8622795423496,925.1651810722974,1,0.0,0.27325,20,tabular_q_train,0
613,-2197.8816804956177,2193.187347162285,1,0.0,0.2720625000000001,28,tabular_q_train,0
614,-1189.3804700217581,1183.472163381133,1,0.0,0.2708750000000001,10,tabular_q_train,0
615,-2189.6322554530548,2186.836528239513,1,0.0,0.26968749999999997,9,tabular_q_train,0
616,-2195.4187681458307,2194.0804348124966,1,0.0,0.26850000000000007,28,tabular_q_train,0
617,-1313.6405080158968,1313.3071746825635,1,0.0,0.26731250000000006,3,tabular_q_train,0
618,-810.4577035512283,885.4748392934159,1,0.0,0.26612500000000006,29,tabular_q_train,0
619,-1652.8874873936807,1652.5656638259725,1,0.0,0.26493749999999994,9,tabular_q_train,0
620,-1452.6356642065434,1466.8426207495118,1,0.0,0.26375000000000004,30,tabular_q_train,0
621,-782.7922553330111,660.6817079697299,1,0.0,0.26256250000000003,26,tabular_q_train,0
622,-1286.0436792298956,1285.2826792298956,1,0.0,0.261375,6,tabular_q_train,0
623,-973.4736810378736,1004.5287785313632,1,0.0,0.2601875,14,tabular_q_train,0
624,-653.9731625876723,642.7272073467867,1,0.0,0.259,29,tabular_q_train,0
625,-974.4332924298309,972.3422875470186,1,0.0,0.2578125,38,tabular_q_train,0
626,-2200.0750222967645,2199.2791889634314,1,0.0,0.2566250000000001,8,tabular_q_train,0
627,-2169.1989285169548,2192.2179530937783,1,0.0,0.2554375000000001,8,tabular_q_train,0
628,-985.4231224040221,967.4195234456888,1,0.0,0.25425,36,tabular_q_train,0
629,-2492.919352213528,2502.7624511718614,1,0.0,0.2530625000000001,2,tabular_q_train,0
630,-2181.096902351522,2182.0973877030847,1,0.0,0.25187500000000007,18,tabular_q_train,0
631,-1132.4653325157524,1128.058499182419,1,0.0,0.25068750000000006,11,tabular_q_train,0
632,-2190.5786240775537,2193.4732817923978,1,0.0,0.24950000000000006,36,tabular_q_train,0
633,-968.7643315213995,965.6918906034309,1,0.0,0.24831250000000005,16,tabular_q_train,0
634,-1515.9230481978786,1512.3448815312122,1,0.0,0.24712500000000004,23,tabular_q_train,0
635,-1023.6972111485762,1020.2200698725347,1,0.0,0.24593750000000003,34,tabular_q_train,0
636,-1156.2805193811407,1143.7210519332239,1,0.0,0.24475000000000002,36,tabular_q_train,0
637,-2509.5875549316133,2509.5875549316133,1,0.0,0.24356250000000002,1,tabular_q_train,0
638,-1705.5379612624492,1654.0907200515117,1,0.0,0.242375,27,tabular_q_train,0
639,-1134.3629297365596,1254.0375931480178,1,0.0,0.2411875000000001,24,tabular_q_train,0
640,-1168.8589600646135,1192.4365033588847,1,0.0,0.24,27,tabular_q_train,0
641,-1242.3263403611286,1215.8569966111286,1,0.0,0.23881249999999998,36,tabular_q_train,0
642,-1096.9698148614318,1093.0153148614322,1,0.0,0.2376250000000001,28,tabular_q_train,0
643,-1274.4714815336035,1282.66983179402,1,0.0,0.23643750000000008,29,tabular_q_train,0
644,-794.4045479940999,791.0287659302983,1,0.0,0.23524999999999996,37,tabular_q_train,0
645,-823.7337905476782,813.2073387247615,1,0.0,0.23406250000000006,42,tabular_q_train,0
646,-927.9882384794306,966.8997506864616,1,0.0,0.23287500000000005,44,tabular_q_train,0
647,-1665.9962429636817,1702.4286482371192,1,0.0,0.23168750000000005,7,tabular_q_train,0
648,-1033.0573567875838,1022.0419124516463,1,0.0,0.23050000000000004,26,tabular_q_train,0
649,-702.1907758864437,698.0690257236835,1,0.0,0.22931250000000003,41,tabular_q_train,0
650,-699.1259609526776,695.2477584787192,1,0.0,0.22812500000000002,22,tabular_q_train,0
651,-515.0576679713811,516.2227194036728,1,0.0,0.22693750000000001,36,tabular_q_train,0
652,-1767.3875556023677,1929.0691566765863,1,0.0,0.22575000000000012,10,tabular_q_train,0
653,-1221.4826592208046,1229.018229533305,1,0.0,0.2245625,29,tabular_q_train,0
654,-2197.305356780319,2180.9016132907363,1,0.0,0.223375,28,tabular_q_train,0
655,-1024.2472169992723,1013.981674681564,1,0.0,0.2221875000000001,29,tabular_q_train,0
656,-1175.850219921859,1128.8932680989421,1,0.0,0.22100000000000009,32,tabular_q_train,0
657,-797.411282482224,793.3951158155575,1,0.0,0.21981249999999997,24,tabular_q_train,0
658,-1899.076852669484,1901.4070758140153,1,0.0,0.21862500000000007,32,tabular_q_train,0
659,-974.2792354789952,966.1314093071203,1,0.0,0.21743750000000006,45,tabular_q_train,0
660,-965.7371491531878,962.599759830271,1,0.0,0.21625000000000005,40,tabular_q_train,0
661,-711.9022160217132,710.474906939682,1,0.0,0.21506250000000005,37,tabular_q_train,0
662,-1592.4915072274107,1515.8786423185566,1,0.0,0.21387500000000004,8,tabular_q_train,0
663,-1305.2811622619806,1314.5409278869806,1,0.0,0.21268750000000003,4,tabular_q_train,0
664,-1133.1023572499773,1165.43730353904,1,0.0,0.21150000000000002,16,tabular_q_train,0
665,-724.3914007430723,823.0408945581765,1,0.0,0.2103125,29,tabular_q_train,0
666,-1928.6608802470118,1912.482043983991,1,0.0,0.209125,29,tabular_q_train,0
667,-1931.2631502031415,1928.9776502031416,1,0.0,0.2079375,6,tabular_q_train,0
668,-1697.5161883166022,1696.219159670769,1,0.0,0.2067500000000001,38,tabular_q_train,0
669,-916.7397294959392,954.6202397498454,1,0.0,0.20556249999999998,12,tabular_q_train,0
670,-781.1988726496695,770.7018472590446,1,0.0,0.20437499999999997,40,tabular_q_train,0
671,-1287.6727889994029,1286.5627889994028,1,0.0,0.20318750000000008,6,tabular_q_train,0
672,-2196.9482846126602,2194.9229512793277,1,0.0,0.20200000000000007,26,tabular_q_train,0
673,-1952.3460998868702,1924.466062777495,1,0.0,0.20081249999999995,33,tabular_q_train,0
674,-922.0610129327306,926.5615259535641,1,0.0,0.19962500000000005,33,tabular_q_train,0
675,-820.016344306212,816.4017752957955,1,0.0,0.19843750000000004,37,tabular_q_train,0
676,-727.9887176087379,850.7378740214984,1,0.0,0.19725000000000004,34,tabular_q_train,0
677,-962.9036037973301,915.3364467335281,1,0.0,0.19606250000000014,33,tabular_q_train,0
678,-1909.865632832982,1907.1872994996488,1,0.0,0.19487500000000002,12,tabular_q_train,0
679,-2191.5353148671775,2193.7576589426994,1,0.0,0.1936875,27,tabular_q_train,0
680,-1480.8083160042916,1466.6548147022072,1,0.0,0.1925,42,tabular_q_train,0
681,-1266.8193929968095,1483.6022120072262,1,0.0,0.1913125000000001,18,tabular_q_train,0
682,-994.5551747772109,964.204179497263,1,0.0,0.190125,14,tabular_q_train,0
683,-1514.2363220233083,1512.8224886899752,1,0.0,0.18893749999999998,20,tabular_q_train,0
684,-831.0238805551884,825.2821616424278,1,0.0,0.18775000000000008,41,tabular_q_train,0
685,-979.1947461549189,979.673011779919,1,0.0,0.18656250000000008,12,tabular_q_train,0
686,-2520.737548828066,2514.737548828066,1,0.0,0.18537499999999996,9,tabular_q_train,0
687,-1048.0210215947202,1064.181567981439,1,0.0,0.18418750000000006,34,tabular_q_train,0
688,-1641.4574564862971,1663.9843471112968,1,0.0,0.18300000000000005,18,tabular_q_train,0
689,-937.4455025149945,952.8799953535364,1,0.0,0.18181250000000004,42,tabular_q_train,0
690,-1112.7937265200185,1109.5424381085604,1,0.0,0.18062500000000004,27,tabular_q_train,0
691,-1636.4720079506978,1630.6716231850723,1,0.0,0.17943750000000003,42,tabular_q_train,0
692,-1211.4043824254843,1196.6038283890261,1,0.0,0.17825000000000002,13,tabular_q_train,0
693,-1171.0306122485529,1178.4631656339698,1,0.0,0.17706250000000012,33,tabular_q_train,0
694,-2192.0681553698882,2185.0658388008774,1,0.0,0.175875,30,tabular_q_train,0
695,-1437.9584054937818,1440.6193286708651,1,0.0,0.1746875,11,tabular_q_train,0
696,-2509.869455973289,2515.2125549316224,1,0.0,0.1735,8,tabular_q_train,0
697,-1005.0086068421333,1003.6704401754664,1,0.0,0.1723125000000001,8,tabular_q_train,0
698,-2184.5690163131544,2183.6715690475294,1,0.0,0.17112499999999997,42,tabular_q_train,0
699,-995.961701409191,970.229935784191,1,0.0,0.16993749999999996,42,tabular_q_train,0
700,-927.5790933063731,1046.038930871477,1,0.0,0.16875000000000007,39,tabular_q_train,0
701,-2187.9189613356966,2186.1908397536654,1,0.0,0.16756250000000006,42,tabular_q_train,0
702,-1397.1021755378265,1394.4302728685548,1,0.0,0.16637500000000005,43,tabular_q_train,0
703,-924.011902281939,916.2096913444391,1,0.0,0.16518750000000004,42,tabular_q_train,0
704,-926.2629423459202,926.2641597938368,1,0.0,0.16400000000000003,17,tabular_q_train,0
705,-891.0385756605705,910.8445829847892,1,0.0,0.16281250000000003,23,tabular_q_train,0
706,-785.5037624638869,769.0420040003456,1,0.0,0.16162500000000013,41,tabular_q_train,0
707,-1188.7050561277838,1153.6217820392421,1,0.0,0.1604375,12,tabular_q_train,0
708,-1207.9801507343093,1209.184209979101,1,0.0,0.15925,6,tabular_q_train,0
709,-1354.2341498118906,1340.7948841868906,1,0.0,0.1580625000000001,8,tabular_q_train,0
710,-766.1842764439896,765.7794476679478,1,0.0,0.1568750000000001,19,tabular_q_train,0
711,-2197.415325225438,2196.584596709814,1,0.0,0.15568749999999998,30,tabular_q_train,0
712,-874.3661944093545,882.8761548585734,1,0.0,0.15450000000000008,40,tabular_q_train,0
713,-1082.417359371994,1230.7547688772029,1,0.0,0.15331250000000007,36,tabular_q_train,0
714,-2150.7094817778634,2191.304774746614,1,0.0,0.15212500000000007,37,tabular_q_train,0
715,-1645.8174465336358,1639.8713697107196,1,0.0,0.15093749999999995,40,tabular_q_train,0
716,-1142.003369027338,1128.8842023606715,1,0.0,0.14975000000000005,14,tabular_q_train,0
717,-748.6308570451303,743.781431914922,1,0.0,0.14856250000000004,11,tabular_q_train,0
718,-1913.868859845359,1885.3889545719219,1,0.0,0.14737500000000003,40,tabular_q_train,0
719,-2162.266637303716,2178.4683518219454,1,0.0,0.14618750000000003,41,tabular_q_train,0
720,-1430.0205147597824,1410.1895824681155,1,0.0,0.14500000000000002,12,tabular_q_train,0
721,-883.5361380141744,878.8175802342266,1,0.0,0.1438125,27,tabular_q_train,0
722,-1351.7824320619204,1410.5419906556704,1,0.0,0.1426250000000001,5,tabular_q_train,0
723,-1340.8846337667799,1339.044965146988,1,0.0,0.1414375,37,tabular_q_train,0
724,-1409.0734165075792,1401.4573299190372,1,0.0,0.14024999999999999,41,tabular_q_train,0
725,-1878.037504755604,1884.2282650095099,1,0.0,0.1390625000000001,43,tabular_q_train,0
726,-1438.9131408936203,1433.9294065186198,1,0.0,0.13787500000000008,48,tabular_q_train,0
727,-981.2037187389429,1014.5192032767036,1,0.0,0.13668750000000007,22,tabular_q_train,0
728,-774.9041374171593,805.4069183416383,1,0.0,0.13550000000000006,46,tabular_q_train,0
729,-535.4345847328775,601.8409447589192,1,0.0,0.13431250000000006,40,tabular_q_train,0
730,-1354.1183837183862,1532.2265907496362,1,0.0,0.13312500000000005,17,tabular_q_train,0
731,-820.4912766107401,798.0323840326148,1,0.0,0.13193750000000004,38,tabular_q_train,0
732,-1185.5240903835468,1169.2968146674007,1,0.0,0.13075000000000003,29,tabular_q_train,0
733,-918.4995627963773,936.8470069695543,1,0.0,0.12956250000000002,40,tabular_q_train,0
734,-853.0067251504661,850.4686574421328,1,0.0,0.12837500000000002,27,tabular_q_train,0
735,-2511.6375732421284,2509.1375732421284,1,0.0,0.12718750000000012,6,tabular_q_train,0
736,-694.5605738704911,675.9996728288244,1,0.0,0.126,29,tabular_q_train,0
737,-1754.2192995138328,1712.5419306987285,1,0.0,0.12481249999999999,7,tabular_q_train,0
738,-2527.1472167967795,2514.6374511717795,1,0.0,0.1236250000000001,6,tabular_q_train,0
739,-762.9629363127963,1109.2924459156611,1,0.0,0.12243750000000009,34,tabular_q_train,0
740,-1301.1232623301653,1152.3927818614154,1,0.0,0.12124999999999997,37,tabular_q_train,0
741,-2513.5874938964116,2511.0874938964116,1,0.0,0.12006250000000007,6,tabular_q_train,0
742,-537.9019656357609,604.4919566839382,1,0.0,0.11887500000000006,44,tabular_q_train,0
743,-2190.1282273146853,2189.6184336948936,1,0.0,0.11768750000000006,40,tabular_q_train,0
744,-1008.1494409190959,1078.532346680815,1,0.0,0.11650000000000005,47,tabular_q_train,0
745,-1263.7876250087456,1281.1171380295787,1,0.0,0.11531250000000004,34,tabular_q_train,0
746,-1638.3094312334003,1652.1696301266293,1,0.0,0.11412500000000003,46,tabular_q_train,0
747,-1174.5524519019953,1170.1769689918394,1,0.0,0.11293750000000002,38,tabular_q_train,0
748,-1078.688048618083,1061.6645876805833,1,0.0,0.11175000000000002,45,tabular_q_train,0
749,-635.9100422466981,610.7461042584167,1,0.0,0.11056250000000001,46,tabular_q_train,0
750,-833.5858577175418,1061.072970673271,1,0.0,0.109375,39,tabular_q_train,0
751,-559.7992887602896,510.7610125558625,1,0.0,0.1081875000000001,42,tabular_q_train,0
752,-1191.409179481352,1200.8618640516656,1,0.0,0.1070000000000001,46,tabular_q_train,0
753,-1080.6199553508561,1134.0766129029396,1,0.0,0.10581249999999998,17,tabular_q_train,0
754,-1907.7662864388678,1892.7151549284513,1,0.0,0.10462500000000008,49,tabular_q_train,0
755,-1189.2366280464837,1183.8390290881507,1,0.0,0.10343750000000007,33,tabular_q_train,0
756,-1163.8911159429395,1186.9566963465854,1,0.0,0.10225000000000006,47,tabular_q_train,0
757,-1042.3056778851562,1029.9479389528642,1,0.0,0.10106250000000006,47,tabular_q_train,0
758,-869.2400224580418,811.5708839489273,1,0.0,0.09987500000000005,30,tabular_q_train,0
759,-994.1847791087469,945.4262891998925,1,0.0,0.09868750000000004,48,tabular_q_train,0
760,-2190.720080793781,2188.794423892739,1,0.0,0.09750000000000003,36,tabular_q_train,0
761,-1701.5823889082506,1683.0546629967919,1,0.0,0.09631250000000002,48,tabular_q_train,0
762,-1340.3145347726224,1375.6444172596018,1,0.0,0.09512500000000002,47,tabular_q_train,0
763,-1241.0570113948418,1235.0304514990084,1,0.0,0.09393750000000001,29,tabular_q_train,0
764,-1665.2323055718434,1641.084805571843,1,0.0,0.09275000000000011,26,tabular_q_train,0
765,-1467.2158394607695,1431.6682960037383,1,0.0,0.09156249999999999,31,tabular_q_train,0
766,-1545.9733607530493,1539.1423607530492,1,0.0,0.09037499999999998,11,tabular_q_train,0
767,-1035.9011102373377,1043.3723250810876,1,0.0,0.08918750000000009,42,tabular_q_train,0
768,-830.3752442162724,890.6817948347617,1,0.0,0.08800000000000008,48,tabular_q_train,0
769,-1482.1033192312402,1476.4596525645738,1,0.0,0.08681249999999996,29,tabular_q_train,0
770,-921.930764176322,785.5258898273636,1,0.0,0.08562500000000006,47,tabular_q_train,0
771,-847.0212158937647,904.4474637778792,1,0.0,0.08443750000000005,23,tabular_q_train,0
772,-1460.870315153568,1441.2608187342971,1,0.0,0.08325000000000005,20,tabular_q_train,0
773,-1654.6779632738921,1661.6501761645172,1,0.0,0.08206250000000004,46,tabular_q_train,0
774,-1340.0645510150873,1315.8439478249836,1,0.0,0.08087500000000003,47,tabular_q_train,0
775,-1253.911499659535,1192.9091280775035,1,0.0,0.07968750000000002,44,tabular_q_train,0
776,-960.5997355365989,1024.14759523712,1,0.0,0.07850000000000001,35,tabular_q_train,0
777,-938.7977884264876,1031.1832321113834,1,0.0,0.07731250000000012,21,tabular_q_train,0
778,-1281.2610414169842,1286.2888063909422,1,0.0,0.076125,22,tabular_q_train,0
779,-1935.7114404943266,2179.4022061193264,1,0.0,0.07493749999999999,31,tabular_q_train,0
780,-1046.2354235181444,1035.2091129712694,1,0.0,0.0737500000000001,29,tabular_q_train,0
781,-869.9517405061679,895.6970022249178,1,0.0,0.07256250000000009,29,tabular_q_train,0
782,-1283.8835886113634,1281.2282858769886,1,0.0,0.07137499999999997,34,tabular_q_train,0
783,-2211.997115462275,2186.85814882816,1,0.0,0.07018750000000007,17,tabular_q_train,0
784,-965.4799482095617,918.8614822264888,1,0.0,0.06900000000000006,33,tabular_q_train,0
785,-2220.176444856631,2196.604474153506,1,0.0,0.06781250000000005,42,tabular_q_train,0
786,-1042.1966872798562,993.8850448644918,1,0.0,0.06662500000000005,43,tabular_q_train,0
787,-1658.37888662935,1472.2785448324753,1,0.0,0.06543750000000004,30,tabular_q_train,0
788,-1895.4016484866636,1892.3412116377053,1,0.0,0.06425000000000003,42,tabular_q_train,0
789,-1141.22743837161,1017.361784074735,1,0.0,0.06306250000000013,47,tabular_q_train,0
790,-1185.3279160262373,1216.0322011824876,1,0.0,0.06187500000000001,22,tabular_q_train,0
791,-1218.6084630397752,1231.7849916856087,1,0.0,0.060687500000000005,44,tabular_q_train,0
792,-1244.9551211619537,1235.2487144236725,1,0.0,0.0595,52,tabular_q_train,0
793,-1465.5374590235922,1441.1078502996334,1,0.0,0.0583125000000001,53,tabular_q_train,0
794,-1315.3520221267597,1281.7503899653016,1,0.0,0.05712499999999998,35,tabular_q_train,0
795,-816.3182696062801,768.5249362729467,1,0.0,0.05593749999999997,53,tabular_q_train,0
796,-789.9976153485393,772.4644486818727,1,0.0,0.054750000000000076,25,tabular_q_train,0
797,-1382.1780614478907,1374.383394781224,1,0.0,0.05356250000000007,11,tabular_q_train,0
798,-1329.59062449135,1313.1690750121834,1,0.0,0.05237499999999995,17,tabular_q_train,0
799,-772.1450190245095,733.2327379372699,1,0.0,0.05118750000000005,52,tabular_q_train,0
