episode,episode_reward,episode_is,episode_env_reward,episode_hold_penalty,episode_leftover_penalty,completed,mean_loss,epsilon,steps,strategy,is_twap
0,-922.2083146904054,898.1485432487549,-915.2252034050049,24.059771441650387,0.0,1,0.0,1.0,10,dqn2_is_aligned,0
1,-1261.873847238408,1252.056897423955,-1252.056897423955,9.816949814453125,0.0,1,0.0,1.0,10,dqn2_is_aligned,0
2,-1033.191290687491,1011.0212144374909,-1011.0212144374909,22.17007625,0.0,1,0.0,1.0,8,dqn2_is_aligned,0
3,-1905.417797448732,1903.134438476564,-1903.134438476564,2.2833589721679686,0.0,1,0.0,1.0,7,dqn2_is_aligned,0
4,-823.4719370964162,808.0049538597218,-783.6361794456593,15.466983236694338,0.0,1,0.0,1.0,5,dqn2_is_aligned,0
5,-941.7111533528665,932.5690223360208,-932.5690223360208,9.142131016845703,0.0,1,0.0,1.0,6,dqn2_is_aligned,0
6,-1666.1067962579834,1663.0480547247803,-1669.4762773810303,3.0587415332031247,0.0,1,0.0,1.0,5,dqn2_is_aligned,0
7,-696.0047654450924,662.1538208882077,-650.7824219624265,33.85094455688477,0.0,1,0.0,1.0,11,dqn2_is_aligned,0
8,-1636.5862162248354,1630.4550477653625,-1657.5758973747375,6.131168459472657,0.0,1,0.0,1.0,10,dqn2_is_aligned,0
9,-1068.428567081272,1059.986062513401,-1059.986062513401,8.442504567871094,0.0,1,0.0,1.0,5,dqn2_is_aligned,0
10,-2193.671893005528,2192.082642136387,-2192.082642136387,1.5892508691406249,0.0,1,0.0,1.0,11,dqn2_is_aligned,0
11,-2193.134250811311,2191.4138112947094,-2190.6037527009594,1.7204395166015625,0.0,1,0.0,1.0,10,dqn2_is_aligned,0
12,-2191.132449225295,2189.906709104445,-2186.9381422099136,1.2257401208496093,0.0,1,0.0,1.0,7,dqn2_is_aligned,0
13,-2192.685323860259,2190.954823293852,-2190.954823293852,1.73050056640625,0.0,1,0.0,1.0,8,dqn2_is_aligned,0
14,-1169.9200682089916,1156.773563973152,-1156.773563973152,13.146504235839846,0.0,1,0.0,1.0,9,dqn2_is_aligned,0
15,-702.0431087045511,683.021823169883,-683.021823169883,19.02128553466797,0.0,1,0.0,1.0,6,dqn2_is_aligned,0
16,-1457.8079475059983,1443.7447139806077,-1437.9190303868577,14.063233525390626,0.0,1,0.0,1.0,7,dqn2_is_aligned,0
17,-1905.9995977464328,1902.327501473239,-1903.107286629489,3.6720962731933593,0.0,1,0.0,1.0,8,dqn2_is_aligned,0
18,-1513.1605294913493,1509.8579781333174,-1509.8279488364424,3.302551358032226,0.0,1,0.0,1.0,8,dqn2_is_aligned,0
19,-1705.5080767056281,1696.1928405569465,-1696.1928405569465,9.315236148681642,0.0,1,0.0,1.0,6,dqn2_is_aligned,0
20,-1121.892031824906,1112.6981496227577,-1110.3382253063514,9.193882202148439,0.0,1,0.0,1.0,7,dqn2_is_aligned,0
21,-1085.9000208416428,1078.36669139279,-1078.36669139279,7.53332944885254,0.0,1,0.0,1.0,9,dqn2_is_aligned,0
22,-907.2231054033921,885.0988066497299,-882.2590849700424,22.12429875366211,0.0,1,0.0,1.0,7,dqn2_is_aligned,0
23,-957.0082150089316,947.1400409348348,-964.5868182785848,9.86817407409668,0.0,1,0.0,1.0,7,dqn2_is_aligned,0
24,-2509.6624755858556,2509.6624755858556,-2509.6624755858556,0.0,0.0,1,0.0,1.0,1,dqn2_is_aligned,0
25,-1003.2256057881309,987.6428983650352,-987.5027616462852,15.5827074230957,0.0,1,0.0,1.0,16,dqn2_is_aligned,0
26,-851.3542295305441,834.1217067314717,-833.4910914970967,17.232522799072264,0.0,1,0.0,1.0,11,dqn2_is_aligned,0
27,-2501.83746337882,2501.83746337882,-2501.83746337882,0.0,0.0,1,0.0,1.0,1,dqn2_is_aligned,0
28,-1537.292077701177,1530.1508997580618,-1601.5334681174368,7.141177943115234,0.0,1,0.0,1.0,2,dqn2_is_aligned,0
29,-1381.6197101039972,1373.9444269100275,-1375.9833063045587,7.675283193969726,0.0,1,0.0,1.0,3,dqn2_is_aligned,0
30,-831.5393890868035,816.9758576933707,-818.1354035918082,14.563531393432617,0.0,1,0.0,1.0,13,dqn2_is_aligned,0
31,-714.9898192222585,689.4366657481374,-677.4666950450124,25.553153474121093,0.0,1,0.0,1.0,16,dqn2_is_aligned,0
32,-1410.1015703951675,1403.9358323904073,-1421.5505784841573,6.165738004760741,0.0,1,0.0,1.0,8,dqn2_is_aligned,0
33,-1075.4640775600017,1055.1042758095134,-1060.4494906532634,20.359801750488284,0.0,1,0.0,1.0,13,dqn2_is_aligned,0
34,-1011.7088163481945,993.4232815813488,-994.7445706438488,18.285534766845707,0.0,1,0.0,1.0,16,dqn2_is_aligned,0
35,-1204.942046109751,1197.4588672010593,-1189.7626391737156,7.483178908691405,0.0,1,0.0,1.0,7,dqn2_is_aligned,0
36,-1646.0095159537896,1642.3756694096005,-1642.3756694096005,3.633846544189453,0.0,1,0.0,1.0,7,dqn2_is_aligned,0
37,-1636.1848439021815,1627.494861734213,-1627.494861734213,8.68998216796875,0.0,1,0.0,1.0,11,dqn2_is_aligned,0
38,-1473.7871727709467,1469.8125050402336,-1469.8125050402336,3.9746677307128904,0.0,1,0.0,1.0,6,dqn2_is_aligned,0
39,-1033.569082928765,1025.6790970095756,-1025.6790970095756,7.889985919189453,0.0,1,0.0,1.0,3,dqn2_is_aligned,0
40,-1898.8764802316014,1896.3152386691013,-1897.2186200167575,2.5612415625000002,0.0,1,0.0,1.0,9,dqn2_is_aligned,0
41,-625.0419360631464,605.5582705510615,-600.578412152624,19.483665512084965,0.0,1,0.0,1.0,5,dqn2_is_aligned,0
42,-1538.5467980678623,1531.400407628409,-1531.400407628409,7.146390439453125,0.0,1,0.0,1.0,2,dqn2_is_aligned,0
43,-1381.7922498558455,1373.7045324754745,-1375.6132849168807,8.087717380371092,0.0,1,0.0,1.0,5,dqn2_is_aligned,0
44,-1309.1682708929177,1304.2723864690895,-1304.2823962347145,4.895884423828125,0.0,1,0.0,1.0,6,dqn2_is_aligned,0
45,-923.6775090290774,911.4302907356204,-928.3131032356204,12.247218293457031,0.0,1,0.0,1.0,10,dqn2_is_aligned,0
46,-2514.662475585851,2514.662475585851,-2514.662475585851,0.0,0.0,1,0.0,1.0,1,dqn2_is_aligned,0
47,-1254.631453888757,1229.8924190059442,-1234.8872920528192,24.739034882812497,0.0,1,0.0,1.0,12,dqn2_is_aligned,0
48,-862.899009484497,851.7481526680907,-885.3867635079345,11.150856816406248,0.0,1,0.0,1.0,7,dqn2_is_aligned,0
49,-1004.0770947325013,991.6939350126527,-991.9942279814027,12.383159719848635,0.0,1,0.0,1.0,4,dqn2_is_aligned,0
50,-742.3264537788044,723.0338248139608,-783.759227645992,19.292628964843747,0.0,1,0.0,1.0,13,dqn2_is_aligned,0
51,-532.5231460257654,505.71097994971547,-505.71097994971547,26.812166076049806,0.0,1,0.0,1.0,14,dqn2_is_aligned,0
52,-2193.793507641471,2191.6207743992836,-2190.5469828953774,2.1727332421875003,0.0,1,0.0,1.0,7,dqn2_is_aligned,0
53,-1676.82016161818,1674.1583128986974,-1667.8545409260412,2.6618487194824216,0.0,1,0.0,1.0,5,dqn2_is_aligned,0
54,-1065.5602041875177,1054.8414891875177,-1054.8414891875177,10.718715,0.0,1,0.0,1.0,8,dqn2_is_aligned,0
55,-1040.453983562552,1021.705894597708,-1021.5907822930205,18.748088964843753,0.0,1,0.0,1.0,11,dqn2_is_aligned,0
56,-1237.9299426316772,1231.5466966453494,-1231.5466966453494,6.3832459863281255,0.0,1,0.0,1.0,5,dqn2_is_aligned,0
57,-1009.9074389122335,997.0183257554951,-997.0183257554951,12.889113156738285,0.0,1,0.0,1.0,12,dqn2_is_aligned,0
58,-1664.3007699021086,1648.4292717893152,-1658.5982171018152,15.871498112792969,0.0,1,0.0,1.0,8,dqn2_is_aligned,0
59,-1326.4111416626008,1321.37716674805,-1351.375946044925,5.0339749145507815,0.0,1,0.0,1.0,2,dqn2_is_aligned,0
60,-898.620590752112,872.2661412403933,-872.2661412403933,26.35444951171875,0.0,1,0.0,1.0,8,dqn2_is_aligned,0
61,-757.531297628212,739.4326936102676,-737.4307404852676,18.098604017944332,0.0,1,0.0,1.0,13,dqn2_is_aligned,0
62,-718.5764619381978,703.5935130343892,-694.5647044406392,14.982948903808598,0.0,1,0.0,1.0,12,dqn2_is_aligned,0
63,-2514.41253662108,2514.41253662108,-2514.41253662108,0.0,0.0,1,0.0,1.0,1,dqn2_is_aligned,0
64,-1720.0556119542134,1712.143932358266,-1747.5004997410786,7.911679595947266,0.0,1,0.0,1.0,2,dqn2_is_aligned,0
65,-928.2587434605474,918.4144398411626,-945.7829701146001,9.844303619384766,0.0,1,0.0,1.0,7,dqn2_is_aligned,0
66,-1081.709364523274,1063.059515249592,-1063.059515249592,18.649849273681642,0.0,1,0.0,1.0,7,dqn2_is_aligned,0
67,-1676.592170215596,1663.8080596150098,-1664.2584990681348,12.784110600585937,0.0,1,0.0,1.0,6,dqn2_is_aligned,0
68,-1183.3489806489968,1168.9659692537327,-1169.7116967927952,14.383011395263672,0.0,1,0.0,1.0,14,dqn2_is_aligned,0
69,-1682.4351364907452,1679.2622910830303,-1665.0164414736553,3.172845407714844,0.0,1,0.0,1.0,10,dqn2_is_aligned,0
70,-737.0126416966855,722.9909430388485,-731.464209640411,14.021698657836913,0.0,1,0.0,1.0,9,dqn2_is_aligned,0
71,-2514.612426757708,2514.612426757708,-2514.612426757708,0.0,0.0,1,0.0,1.0,1,dqn2_is_aligned,0
72,-1131.309090762637,1116.293446232608,-1123.0350233810454,15.015644530029299,0.0,1,0.0,1.0,7,dqn2_is_aligned,0
73,-1210.5234357014147,1190.1266467524401,-1193.1095569086901,20.39678894897461,0.0,1,0.0,1.0,10,dqn2_is_aligned,0
74,-1208.0290198190842,1198.591145561882,-1202.084553765007,9.437874257202148,0.0,1,0.0,1.0,10,dqn2_is_aligned,0
75,-1036.3733749673925,1026.5260547086036,-1026.5260547086036,9.847320258789061,0.0,1,0.0,1.0,3,dqn2_is_aligned,0
76,-1148.3653429755045,1140.4291471796062,-1140.1488737421062,7.936195795898437,0.0,1,0.0,1.0,9,dqn2_is_aligned,0
77,-1921.3197083941411,1917.2060885442877,-1917.2060885442877,4.1136198498535155,0.0,1,0.0,1.0,4,dqn2_is_aligned,0
78,-1197.600386703208,1185.8020593100196,-1185.8020593100196,11.798327393188474,0.0,1,0.0,1.0,11,dqn2_is_aligned,0
79,-1241.036081178213,1234.9085364620264,-1234.9085364620264,6.127544716186523,0.0,1,0.0,1.0,6,dqn2_is_aligned,0
80,-1381.3025779914187,1377.2394086505983,-1377.2394086505983,4.063169340820313,0.0,1,0.0,1.0,8,dqn2_is_aligned,0
81,-1162.7663475867346,1157.0646783728673,-1157.0646783728673,5.701669213867187,0.0,1,0.0,1.0,6,dqn2_is_aligned,0
82,-875.6422576263504,862.5647122772294,-862.5647122772294,13.077545349121094,0.0,1,0.0,1.0,9,dqn2_is_aligned,0
83,-958.3751105071957,945.0083604327326,-945.0083604327326,13.366750074462889,0.0,1,0.0,1.0,11,dqn2_is_aligned,0
84,-1924.2028031607495,1922.6236265567456,-1922.6236265567456,1.579176604003906,0.0,1,0.0,1.0,4,dqn2_is_aligned,0
85,-952.2951974310342,937.9630036126749,-938.1331696282999,14.332193818359375,0.0,1,0.0,1.0,10,dqn2_is_aligned,0
86,-1546.7727437559793,1539.588083021116,-1546.735055677366,7.1846607348632805,0.0,1,0.0,1.0,2,dqn2_is_aligned,0
87,-1230.9296611013497,1223.6440917947089,-1227.5629150368964,7.285569306640624,0.0,1,0.0,1.0,9,dqn2_is_aligned,0
88,-1512.9354553265114,1509.773973514988,-1509.573778202488,3.161481811523437,0.0,1,0.0,1.0,4,dqn2_is_aligned,0
89,-1015.3497946844769,1004.656705660429,-1004.656705660429,10.69308902404785,0.0,1,0.0,1.0,12,dqn2_is_aligned,0
90,-1463.6119531358577,1458.410367173944,-1456.038052720819,5.201585961914061,0.0,1,0.0,1.0,12,dqn2_is_aligned,0
91,-1237.4935199849701,1228.8266956716152,-1225.8437855153652,8.666824313354493,0.0,1,0.0,1.0,5,dqn2_is_aligned,0
92,-1663.3837057575677,1657.2058527924798,-1657.8351862885736,6.177852965087891,0.0,1,0.0,1.0,7,dqn2_is_aligned,0
93,-972.8423164687604,964.0610277187604,-964.0610277187604,8.78128875,0.0,1,0.0,1.0,3,dqn2_is_aligned,0
94,-1318.5302276611633,1313.5262527466125,-1326.0079421997375,5.003974914550781,0.0,1,0.0,1.0,2,dqn2_is_aligned,0
95,-1025.954793759155,1003.9047126800536,-1003.9047126800536,22.050081079101563,0.0,1,0.0,1.0,10,dqn2_is_aligned,0
96,-1049.1003898483837,1039.8845416794384,-1041.9265338669384,9.215848168945312,0.0,1,0.0,1.0,3,dqn2_is_aligned,0
97,-923.2501634284625,907.6801471906695,-907.6801471906695,15.57001623779297,0.0,1,0.0,1.0,9,dqn2_is_aligned,0
98,-1627.9217875518102,1622.7790120647498,-1629.0420735881873,5.142775487060547,0.0,1,0.0,1.0,7,dqn2_is_aligned,0
99,-871.3171665862983,857.0923996746773,-857.0923996746773,14.224766911621096,0.0,1,0.0,1.0,9,dqn2_is_aligned,0
100,-1688.6208694594288,1686.2312876802534,-1690.5054576021284,2.389581779174805,0.0,1,0.0,1.0,5,dqn2_is_aligned,0
101,-1702.6932883075237,1700.553887570219,-1701.6118709686566,2.1394007373046873,0.0,1,0.0,1.0,2,dqn2_is_aligned,0
102,-1041.6835391245381,1030.972086070339,-1030.972086070339,10.71145305419922,0.0,1,0.0,1.0,3,dqn2_is_aligned,0
103,-974.8144369835064,930.4341935478376,-910.4756974540876,44.38024343566894,0.0,1,0.0,1.0,11,dqn2_is_aligned,0
104,-1513.1889458059857,1510.0072009018108,-1510.0072009018108,3.1817449041748045,0.0,1,0.0,1.0,7,dqn2_is_aligned,0
105,-1485.379504930579,1481.464988766028,-1489.2326279261843,3.914516164550781,0.0,1,0.0,1.0,9,dqn2_is_aligned,0
106,-1889.763653302434,1887.062208874944,-1886.471632703069,2.7014444274902343,0.0,1,0.0,1.0,5,dqn2_is_aligned,0
107,-880.0794619537304,867.4381578570504,-862.6830919390817,12.641304096679686,0.0,1,0.0,1.0,8,dqn2_is_aligned,0
108,-1350.9621874024451,1339.5268668079627,-1339.5268668079627,11.435320594482423,0.0,1,0.0,1.0,8,dqn2_is_aligned,0
109,-1101.2541665518984,1090.6199674942807,-1084.8343229630307,10.63419905761719,0.0,1,0.0,1.0,9,dqn2_is_aligned,0
110,-2499.262542724523,2499.262542724523,-2499.262542724523,0.0,0.0,1,0.0,1.0,1,dqn2_is_aligned,0
111,-1039.423100250066,1023.8726476743825,-1023.8726476743825,15.550452575683593,0.0,1,0.0,1.0,4,dqn2_is_aligned,0
112,-1933.4361412187968,1924.8350749687968,-1924.8350749687968,8.601066249999999,0.0,1,0.0,1.0,2,dqn2_is_aligned,0
113,-1028.8490288908765,1021.3482057860181,-1015.7330934813306,7.500823104858398,0.0,1,0.0,1.0,7,dqn2_is_aligned,0
114,-761.074419810057,745.7460706718734,-747.9548109062484,15.328349138183595,0.0,1,0.0,1.0,11,dqn2_is_aligned,0
115,-1056.0985963193166,1043.68375418919,-1073.1219255759088,12.414842130126955,0.0,1,0.0,1.0,11,dqn2_is_aligned,0
116,-721.6426058239005,704.9610217125723,-705.5682604821036,16.681584111328124,0.0,1,0.0,1.0,10,dqn2_is_aligned,0
117,-1284.505821698202,1278.8119466811122,-1277.8910482436122,5.693875017089844,0.0,1,0.0,1.0,7,dqn2_is_aligned,0
118,-954.3447511118294,936.4597968637825,-932.4058417856575,17.884954248046874,0.0,1,0.0,1.0,8,dqn2_is_aligned,0
119,-2183.7599156948554,2182.8394602993476,-2182.8394602993476,0.9204553955078124,0.0,1,0.0,1.0,4,dqn2_is_aligned,0
120,-974.2954918229365,951.2677460429072,-951.2677460429072,23.027745780029296,0.0,1,0.0,1.0,11,dqn2_is_aligned,0
121,-823.1161443708586,811.3379334779141,-811.3379334779141,11.778210892944337,0.0,1,0.0,1.0,10,dqn2_is_aligned,0
122,-1651.3828099843838,1647.3471922451256,-1647.3471922451256,4.035617739257812,0.0,1,0.0,1.0,8,dqn2_is_aligned,0
123,-1294.723164271798,1280.6515323144001,-1280.6415835839314,14.071631957397463,0.0,1,0.0,1.0,9,dqn2_is_aligned,0
124,-1003.229136510683,989.870355653139,-989.870355653139,13.358780857543946,0.0,1,0.0,1.0,8,dqn2_is_aligned,0
125,-605.8210606668432,582.4826720437962,-582.4826720437962,23.33838862304687,0.0,1,0.0,1.0,12,dqn2_is_aligned,0
126,-795.038592196115,772.1210386444794,-772.1210386444794,22.917553551635745,0.0,1,0.0,1.0,11,dqn2_is_aligned,0
127,-1903.1382885279045,1899.9998960669673,-1899.9998960669673,3.1383924609375,0.0,1,0.0,1.0,8,dqn2_is_aligned,0
128,-920.962897104655,908.7176958961588,-908.4976031227213,12.245201208496097,0.0,1,0.0,1.0,8,dqn2_is_aligned,0
129,-1416.4091889864371,1410.934944279406,-1411.1447831465935,5.474244707031249,0.0,1,0.0,1.0,8,dqn2_is_aligned,0
130,-770.682211001775,751.579611505315,-757.024924005315,19.10259949645996,0.0,1,0.0,1.0,10,dqn2_is_aligned,0
131,-982.9917288630267,972.4211385590717,-972.4211385590717,10.570590303955075,0.0,1,154.10547485351563,0.9997625,10,dqn2_is_aligned,0
132,-1902.225467483004,1898.3815070581995,-1898.3815070581995,3.843960424804687,0.0,1,175.11542129516602,0.9993825,8,dqn2_is_aligned,0
133,-939.3887061380833,918.9821401871556,-918.9821401871556,20.406565950927735,0.0,1,162.88322067260742,0.9990975,6,dqn2_is_aligned,0
134,-769.6693994197104,754.8814206477381,-754.8814206477381,14.787978771972654,0.0,1,137.1570807562934,0.99867,9,dqn2_is_aligned,0
135,-1229.4465519645698,1221.0357532609564,-1221.7733631242377,8.410798703613283,0.0,1,177.90475311279297,0.9979575,15,dqn2_is_aligned,0
136,-1507.912965535335,1488.089939131526,-1488.089939131526,19.82302640380859,0.0,1,158.8730214436849,0.9973875,12,dqn2_is_aligned,0
137,-1890.3063692865721,1887.45398947395,-1881.7122902552,2.8523798126220705,0.0,1,224.67904917399088,0.9971025,6,dqn2_is_aligned,0
138,-1161.0147568368584,1150.374105603948,-1150.374105603948,10.640651232910155,0.0,1,232.02621459960938,0.99696,3,dqn2_is_aligned,0
139,-1238.7506652998118,1233.388179105964,-1244.3624222700264,5.362486193847657,0.0,1,185.35140664236886,0.9966275,7,dqn2_is_aligned,0
140,-763.5287242779555,749.4767203521742,-762.4818473052992,14.05200392578125,0.0,1,174.48807373046876,0.99639,5,dqn2_is_aligned,0
141,-1395.1508667936298,1388.5176513407491,-1388.2774169657491,6.63321545288086,0.0,1,147.79129886627197,0.99601,8,dqn2_is_aligned,0
142,-2181.5423320275618,2180.031297681249,-2180.0162830328113,1.5110343463134763,0.0,1,173.71214948381697,0.9956775,7,dqn2_is_aligned,0
143,-870.0471527079634,857.3386013297895,-857.3386013297895,12.708551378173826,0.0,1,178.3655776977539,0.9951075,12,dqn2_is_aligned,0
144,-741.3052287957618,716.1188707293556,-716.1188707293556,25.18635806640625,0.0,1,171.914870522239,0.994585,11,dqn2_is_aligned,0
145,-2514.512481689394,2514.512481689394,-2514.512481689394,0.0,0.0,1,172.31948852539062,0.9945375,1,dqn2_is_aligned,0
146,-1900.4165371554268,1897.6606040487372,-1897.6606040487372,2.755933106689453,0.0,1,163.83775583902994,0.9942525,6,dqn2_is_aligned,0
147,-1898.8852238789855,1896.5340606404602,-1896.5340606404602,2.35116323852539,0.0,1,175.7615763346354,0.99411,3,dqn2_is_aligned,0
148,-777.8813806913859,761.7772606840617,-767.3927391996867,16.10412000732422,0.0,1,110.67855326334636,0.993825,6,dqn2_is_aligned,0
149,-863.8137828396656,851.7835178396657,-848.755502702947,12.030265,0.0,1,174.53318939208984,0.99335,10,dqn2_is_aligned,0
150,-1676.2885468534528,1673.75780054669,-1662.9402956638776,2.530746306762695,0.0,1,145.8917694091797,0.9931125,5,dqn2_is_aligned,0
151,-1144.8705054963702,1131.7945092146324,-1121.5669701521324,13.075996281738279,0.0,1,192.43653945922853,0.9926375,10,dqn2_is_aligned,0
152,-1701.7845641060437,1691.7347741023816,-1691.719759453944,10.049790003662107,0.0,1,142.036501566569,0.99221,9,dqn2_is_aligned,0
153,-2501.962432861319,2501.962432861319,-2501.962432861319,0.0,0.0,1,90.45074462890625,0.9921625,1,dqn2_is_aligned,0
154,-709.9979298590649,691.9449978656568,-685.3334256000318,18.052931993408208,0.0,1,167.85157928466796,0.9916875,10,dqn2_is_aligned,0
155,-1220.220240680792,1211.567097033331,-1211.567097033331,8.65314364746094,0.0,1,173.6316384209527,0.99126,9,dqn2_is_aligned,0
156,-1021.4133205983354,998.6606880055621,-998.5806098805621,22.752632592773434,0.0,1,158.97919288048377,0.9906425,13,dqn2_is_aligned,0
157,-1899.8819572382456,1897.342001694422,-1897.422079819422,2.5399555438232424,0.0,1,198.58870152064733,0.99031,7,dqn2_is_aligned,0
158,-1696.6075220434323,1694.1766926025145,-1693.9066730712645,2.430829440917968,0.0,1,145.25253186907088,0.9899775,7,dqn2_is_aligned,0
159,-772.9653168089919,753.1114118309647,-730.9156110497147,19.85390497802734,0.0,1,165.57233810424805,0.9893125,14,dqn2_is_aligned,0
160,-1157.6120019437474,1151.5365169437468,-1151.5215022953093,6.075485,0.0,1,115.9097663031684,0.988885,9,dqn2_is_aligned,0
161,-847.1234741119926,800.1907367267386,-795.7063617267386,46.9327373852539,0.0,1,137.71488298688615,0.98822,14,dqn2_is_aligned,0
162,-1413.8903774314094,1408.517723383558,-1408.517723383558,5.3726540478515625,0.0,1,106.92819061279297,0.9879825,5,dqn2_is_aligned,0
163,-2198.7859251056493,2198.011378233091,-2198.011378233091,0.7745468725585936,0.0,1,131.42280960083008,0.9877925,4,dqn2_is_aligned,0
164,-1930.646348018643,1929.2079038267484,-1929.2079038267484,1.438444191894531,0.0,1,184.98497009277344,0.9876975,2,dqn2_is_aligned,0
165,-1011.7844819360349,1004.2098533544919,-994.9708396826169,7.574628581542969,0.0,1,153.06251907348633,0.9875075,4,dqn2_is_aligned,0
166,-590.9936977479507,568.9534426374771,-568.9534426374771,22.040255110473634,0.0,1,138.73983256022134,0.98708,9,dqn2_is_aligned,0
167,-699.3613533243229,679.468975433698,-672.0864681094793,19.892377890625,0.0,1,151.745848435622,0.9864625,13,dqn2_is_aligned,0
168,-687.2540711770611,670.4554571878032,-677.8576788674907,16.798613989257813,0.0,1,106.61792627970378,0.9861775,6,dqn2_is_aligned,0
169,-918.767288392247,908.9710716466417,-924.8815941075792,9.79621674560547,0.0,1,122.44513549804688,0.98594,5,dqn2_is_aligned,0
170,-1674.6094906281237,1671.6624819995836,-1671.6624819995836,2.9470086285400385,0.0,1,141.38162231445312,0.98556,8,dqn2_is_aligned,0
171,-1347.4361256645302,1341.7036568284707,-1341.7036568284707,5.73246883605957,0.0,1,164.36143112182617,0.985465,2,dqn2_is_aligned,0
172,-906.8111171970799,894.5309096970799,-844.8244887986424,12.280207500000001,0.0,1,121.15727005004882,0.9847525,15,dqn2_is_aligned,0
173,-1203.1449089874527,1190.419884339015,-1202.00118316714,12.7250246484375,0.0,1,120.96259307861328,0.9843725,8,dqn2_is_aligned,0
174,-1013.7563289743,1005.0861173690754,-1010.8016935409504,8.67021160522461,0.0,1,86.26523971557617,0.9841825,4,dqn2_is_aligned,0
175,-1246.1123061980065,1239.2118663640222,-1239.2118663640222,6.900439833984376,0.0,1,101.73737049102783,0.9838025,8,dqn2_is_aligned,0
176,-1035.324043435951,1012.2845818209605,-1038.4200798678355,23.03946161499024,0.0,1,119.64193280537923,0.9832325,12,dqn2_is_aligned,0
177,-1903.3513584402954,1901.1855804666625,-1901.1855804666625,2.165777973632813,0.0,1,109.49778475080218,0.9829,7,dqn2_is_aligned,0
178,-1374.184682350156,1369.7924653787204,-1369.5522310037204,4.3922169714355475,0.0,1,106.9823955189098,0.9823775,11,dqn2_is_aligned,0
179,-1237.4064671700155,1230.1167950954307,-1215.0244489040244,7.289672074584962,0.0,1,93.04459524154663,0.9819975,8,dqn2_is_aligned,0
180,-2191.7318239679753,2190.5869276874582,-2188.3607313983957,1.1448962805175782,0.0,1,109.40715837478638,0.9816175,8,dqn2_is_aligned,0
181,-2188.015442138227,2186.429667191938,-2187.9561564497503,1.5857749462890625,0.0,1,120.1449465070452,0.981285,7,dqn2_is_aligned,0
182,-1633.148695723637,1627.2896864951217,-1627.1495497763717,5.859009228515626,0.0,1,80.9984078840776,0.9807625,11,dqn2_is_aligned,0
183,-1665.3859500622546,1662.1243363781723,-1662.1243363781723,3.2616136840820316,0.0,1,69.79075288772583,0.9804775,6,dqn2_is_aligned,0
184,-1121.4399642263065,1112.5117950289189,-1128.2231597750126,8.928169197387696,0.0,1,91.85679117838542,0.980335,3,dqn2_is_aligned,0
185,-1544.8656784356488,1539.1117302496134,-1539.1117302496134,5.753948186035156,0.0,1,106.3729248046875,0.9801925,3,dqn2_is_aligned,0
186,-846.7831058622479,828.699630874455,-828.699630874455,18.08347498779297,0.0,1,81.26879005432129,0.9797175,10,dqn2_is_aligned,0
187,-1326.2284374999808,1321.195312499981,-1321.195312499981,5.033125,0.0,1,92.41965866088867,0.9796225,2,dqn2_is_aligned,0
188,-933.5570749835146,922.6604867462097,-921.6444955352722,10.896588237304686,0.0,1,57.5292067527771,0.9790525,12,dqn2_is_aligned,0
189,-2181.936633277237,2179.8450657772355,-2179.299533550673,2.0915674999999996,0.0,1,84.68022155761719,0.97872,7,dqn2_is_aligned,0
190,-1656.5337563803587,1651.5613252682979,-1645.4719087643916,4.972431112060546,0.0,1,53.23140411376953,0.9784825,5,dqn2_is_aligned,0
191,-718.9219015430621,698.6559482471637,-698.6559482471637,20.26595329589844,0.0,1,72.48426506736062,0.97796,11,dqn2_is_aligned,0
192,-2509.0624999999136,2509.0624999999136,-2509.0624999999136,0.0,0.0,1,76.35714721679688,0.9779125,1,dqn2_is_aligned,0
193,-1093.673384455505,1086.4112428795772,-1063.770800985046,7.2621415759277355,0.0,1,65.17303419113159,0.9775325,8,dqn2_is_aligned,0
194,-761.811450389873,727.9937045646777,-713.0808017326465,33.81774582519532,0.0,1,63.85772011496804,0.97701,11,dqn2_is_aligned,0
195,-2502.5375366210483,2502.5375366210483,-2502.5375366210483,0.0,0.0,1,94.15446472167969,0.9769625,1,dqn2_is_aligned,0
196,-1212.995484723794,1190.2182983071682,-1186.460180631387,22.777186416625977,0.0,1,66.42940550584059,0.976345,13,dqn2_is_aligned,0
197,-862.7796534094438,843.9802238244828,-843.9802238244828,18.799429584960937,0.0,1,76.9113655090332,0.975965,8,dqn2_is_aligned,0
198,-1365.9858175353643,1341.6019369225714,-1347.3175130944464,24.383880612792968,0.0,1,47.92315149307251,0.9757750000000001,4,dqn2_is_aligned,0
199,-1638.9756759770157,1632.862260105434,-1632.862260105434,6.113415871582031,0.0,1,64.23772430419922,0.97549,6,dqn2_is_aligned,0
200,-1203.8898991281262,1194.012319679884,-1205.9734402853528,9.877579448242185,0.0,1,59.17535996437073,0.97511,8,dqn2_is_aligned,0
201,-1912.5210550527518,1899.803888099627,-1899.803888099627,12.717166953125,0.0,1,47.77685710362026,0.9747775,7,dqn2_is_aligned,0
202,-1181.9040407337925,1170.860192006986,-1170.860192006986,11.043848726806642,0.0,1,46.999663543701175,0.97454,5,dqn2_is_aligned,0
203,-2501.3874816894486,2501.3874816894486,-2501.3874816894486,0.0,0.0,1,47.861202239990234,0.9744925,1,dqn2_is_aligned,0
204,-2193.0687124148694,2181.9484358004897,-2211.7418317965835,11.120276614379884,0.0,1,50.47046127319336,0.974255,5,dqn2_is_aligned,0
205,-1675.257878845995,1662.5912365815907,-1651.8035168550282,12.666642264404297,0.0,1,69.0108856201172,0.9740175,5,dqn2_is_aligned,0
206,-2183.8488329490606,2182.0976166862424,-2180.2683320182737,1.7512162628173826,0.0,1,45.15585915247599,0.9737325,6,dqn2_is_aligned,0
207,-2498.2374572753088,2498.2374572753088,-2498.2374572753088,0.0,0.0,1,56.21250534057617,0.973685,1,dqn2_is_aligned,0
208,-1237.832422361179,1229.5730390909152,-1230.0334883096652,8.259383270263672,0.0,1,52.97538232803345,0.973305,8,dqn2_is_aligned,0
209,-1902.7835945195372,1900.2291546257384,-1899.6786175163634,2.5544398937988277,0.0,1,48.74900131225586,0.9730675,5,dqn2_is_aligned,0
210,-1064.3386580619072,1050.1762199369073,-1050.1762199369073,14.162438125,0.0,1,48.29480421543121,0.9726875,8,dqn2_is_aligned,0
211,-1051.3973623717977,1038.4795567345905,-1045.821719820528,12.917805637207032,0.0,1,61.83871350969587,0.972355,7,dqn2_is_aligned,0
212,-2186.5801309956078,2185.679298506594,-2185.9091569050315,0.9008324890136719,0.0,1,54.96413605553763,0.9720225,7,dqn2_is_aligned,0
213,-829.6028447947124,813.7897826633648,-824.4666625461773,15.813062131347657,0.0,1,42.39067077636719,0.9717375,6,dqn2_is_aligned,0
214,-2185.6377064472335,2184.123667215666,-2184.123667215666,1.5140392315673827,0.0,1,61.680897903442386,0.9715,5,dqn2_is_aligned,0
215,-2190.5233150258287,2189.55014796162,-2189.55014796162,0.9731670642089844,0.0,1,58.43433609008789,0.9712625,5,dqn2_is_aligned,0
216,-1894.971837977787,1890.7125517381628,-1888.8812529100378,4.259286239624023,0.0,1,35.641687107086184,0.9707875,10,dqn2_is_aligned,0
217,-1293.711121273879,1286.7802291407002,-1286.7802291407002,6.930892133178711,0.0,1,21.521833737691242,0.970645,3,dqn2_is_aligned,0
218,-2514.9125671385946,2514.9125671385946,-2514.9125671385946,0.0,0.0,1,32.4627799987793,0.9705975,1,dqn2_is_aligned,0
219,-1919.0295481713906,1917.2185592065466,-1917.2185592065466,1.81098896484375,0.0,1,39.7241325378418,0.9703125,6,dqn2_is_aligned,0
220,-1890.5468248297366,1885.2295202521,-1885.2295202521,5.317304577636718,0.0,1,54.547035390680485,0.96979,11,dqn2_is_aligned,0
221,-950.4591581775339,939.6671921655709,-939.6671921655709,10.791966011962892,0.0,1,40.09782390594482,0.969315,10,dqn2_is_aligned,0
222,-781.8986454799385,768.9588257558174,-768.9588257558174,12.939819724121094,0.0,1,39.87175909678141,0.9688875,9,dqn2_is_aligned,0
223,-1283.126408005211,1272.2116194908067,-1267.0165511314317,10.914788514404297,0.0,1,38.33276290893555,0.96865,5,dqn2_is_aligned,0
224,-1056.4848883879574,1048.8856663341244,-1071.1148533458431,7.599222053833008,0.0,1,41.880722999572754,0.96827,8,dqn2_is_aligned,0
225,-1914.9169963135491,1912.3522955261956,-1912.3522955261956,2.5647007873535155,0.0,1,29.009860674540203,0.9681275,3,dqn2_is_aligned,0
226,-2186.8867502651165,2186.066385359111,-2186.056375593486,0.8203649060058591,0.0,1,28.153234640757244,0.9678425,6,dqn2_is_aligned,0
227,-1397.2649458939695,1383.5349450931876,-1383.5349450931876,13.730000800781252,0.0,1,33.49014528592428,0.9672725,12,dqn2_is_aligned,0
228,-1908.5401162022388,1894.861168301848,-1894.871178067473,13.678947900390623,0.0,1,33.854143142700195,0.966845,9,dqn2_is_aligned,0
229,-951.4041453436306,941.6166568792751,-941.4765201605251,9.787488464355468,0.0,1,37.61251286097935,0.9665125,7,dqn2_is_aligned,0
230,-822.7398940587511,810.0756757628527,-810.0756757628527,12.664218295898436,0.0,1,26.715141248703002,0.9660375,10,dqn2_is_aligned,0
231,-1718.7427816475956,1710.837468632459,-1710.837468632459,7.905313015136719,0.0,1,16.31926655769348,0.9659425,2,dqn2_is_aligned,0
232,-954.3481512761191,938.2733100151327,-938.2132514213827,16.07484126098633,0.0,1,22.278154420852662,0.9654675,10,dqn2_is_aligned,0
233,-2209.359689653029,2198.4836948141615,-2173.914725087599,10.875994838867188,0.0,1,25.380707105000813,0.9651825,6,dqn2_is_aligned,0
234,-961.0893853367368,926.4734959946958,-922.0491795884458,34.61588934204101,0.0,1,26.75683033466339,0.9648025,8,dqn2_is_aligned,0
235,-991.2172297648278,981.8727440055504,-982.2330955680504,9.344485759277344,0.0,1,24.076432019472122,0.9644225,8,dqn2_is_aligned,0
236,-1727.2489155998394,1711.432787953355,-1711.432787953355,15.816127646484377,0.0,1,17.465368906656902,0.96428,3,dqn2_is_aligned,0
237,-1652.030431212303,1648.188466212303,-1631.4067889662092,3.8419650000000005,0.0,1,16.825833129882813,0.963805,10,dqn2_is_aligned,0
238,-1160.6015071626284,1148.3750231202694,-1148.3999864991756,12.226484042358395,0.0,1,16.784645133548313,0.9633775,9,dqn2_is_aligned,0
239,-1674.164803699498,1660.6163407850695,-1660.6163407850695,13.548462914428711,0.0,1,19.89349095026652,0.9630925,6,dqn2_is_aligned,0
240,-783.9338471764124,762.977618165182,-756.6925839854945,20.956229011230473,0.0,1,17.92175320784251,0.9625225,12,dqn2_is_aligned,0
241,-1237.3107357644406,1232.3015990047973,-1232.3015990047973,5.009136759643555,0.0,1,23.264318704605103,0.9623325,4,dqn2_is_aligned,0
242,-1258.4168416975685,1251.7482218666355,-1251.7482218666355,6.668619830932618,0.0,1,16.17251363667575,0.96181,11,dqn2_is_aligned,0
243,-2189.3156123428153,2188.0414784866143,-2188.0414784866143,1.2741338562011717,0.0,1,14.80750732421875,0.9615725,5,dqn2_is_aligned,0
244,-1247.3299003277475,1231.5821091046028,-1242.151017796009,15.747791223144533,0.0,1,16.752637028694153,0.9611925,8,dqn2_is_aligned,0
245,-1430.1639843979128,1424.6211722537482,-1424.6211722537482,5.542812144165039,0.0,1,14.721782956804548,0.96086,7,dqn2_is_aligned,0
246,-1632.7522600078294,1626.8154583165453,-1619.6505413243578,5.93680169128418,0.0,1,14.228546489368785,0.9603375,11,dqn2_is_aligned,0
247,-1416.8753765174965,1410.441711370402,-1407.2235717219644,6.433665147094726,0.0,1,19.000896453857422,0.9602425,2,dqn2_is_aligned,0
248,-1911.6359212822458,1907.4131570586128,-1916.5445047148628,4.2227642236328125,0.0,1,18.824053049087524,0.9599575,6,dqn2_is_aligned,0
249,-1214.3668150744568,1204.842223839105,-1204.842223839105,9.524591235351561,0.0,1,12.323141813278198,0.9595775,8,dqn2_is_aligned,0
250,-1252.1107984936175,1246.4276612987933,-1246.4276612987933,5.6831371948242175,0.0,1,6.918127457300822,0.9592925,6,dqn2_is_aligned,0
251,-1289.5273532337878,1284.7692701222159,-1284.7692701222159,4.758083111572265,0.0,1,9.582818448543549,0.9591025,4,dqn2_is_aligned,0
252,-1629.7359467665879,1623.2581826876087,-1620.1644326876087,6.477764078979492,0.0,1,14.057978963851928,0.9586275,10,dqn2_is_aligned,0
253,-1063.847282005077,1051.1431699823725,-1042.7811094354975,12.704112022705077,0.0,1,13.476077686656605,0.958105,11,dqn2_is_aligned,0
254,-2188.3809169787996,2187.0256992419836,-2187.3159824451086,1.3552177368164062,0.0,1,10.543216069539389,0.95782,6,dqn2_is_aligned,0
255,-1255.9433875053564,1237.586534111802,-1235.314317314927,18.356853393554683,0.0,1,10.48961505022916,0.9572975,11,dqn2_is_aligned,0
256,-816.8221041844182,792.598948408051,-792.458811689301,24.22315577636719,0.0,1,11.265350731936367,0.956775,11,dqn2_is_aligned,0
257,-1536.6541875667617,1529.5168650667617,-1497.3990672151992,7.1373225,0.0,1,12.59754753112793,0.95668,2,dqn2_is_aligned,0
258,-1173.343956853506,1165.5180157255763,-1165.5180157255763,7.825941127929687,0.0,1,12.32718833287557,0.956395,6,dqn2_is_aligned,0
259,-931.5102612419014,920.1634471366767,-917.6109569023017,11.34681410522461,0.0,1,14.352741559346518,0.9559675,9,dqn2_is_aligned,0
260,-2190.281291477249,2189.066155033157,-2186.3109670448757,1.2151364440917969,0.0,1,10.754682938257853,0.9556825,6,dqn2_is_aligned,0
261,-1684.9354929967426,1672.1117345891498,-1672.1117345891498,12.823758407592772,0.0,1,10.310019413630167,0.9553975,6,dqn2_is_aligned,0
262,-1903.5331179814807,1898.682438728551,-1889.5072067949573,4.850679252929688,0.0,1,9.76840990781784,0.9550175,8,dqn2_is_aligned,0
263,-792.8984625526894,773.342502930497,-764.553928711747,19.555959622192383,0.0,1,8.300982058048248,0.9546375,8,dqn2_is_aligned,0
264,-1424.7541994721764,1417.8530738056727,-1392.5732276142664,6.901125666503907,0.0,1,6.852446794509888,0.9542575,8,dqn2_is_aligned,0
265,-1703.432480751931,1683.5257654644556,-1695.4874353863306,19.90671528747559,0.0,1,5.916896998882294,0.9540675,4,dqn2_is_aligned,0
266,-1158.071563980387,1146.2479589669588,-1149.2608984200838,11.823605013427732,0.0,1,12.552814619881767,0.953735,7,dqn2_is_aligned,0
267,-1473.2049390828297,1466.8406250435232,-1466.8406250435232,6.36431403930664,0.0,1,7.907699267069499,0.9533075,9,dqn2_is_aligned,0
268,-951.2488971465062,936.618736139426,-932.4395979558323,14.630161007080076,0.0,1,10.091285109519958,0.9529275,8,dqn2_is_aligned,0
269,-1718.7427816475956,1710.837468632459,-1710.837468632459,7.905313015136719,0.0,1,7.66948127746582,0.9528325,2,dqn2_is_aligned,0
270,-2190.6309702475437,2178.644987160995,-2178.23458677037,11.985983086547852,0.0,1,7.228772282600403,0.9524525,8,dqn2_is_aligned,0
271,-870.01253046377,859.7131831383306,-859.6732661461431,10.299347325439456,0.0,1,11.552139145987374,0.95212,7,dqn2_is_aligned,0
272,-1199.4220150865663,1189.5588559947691,-1169.2307920299254,9.863159091796875,0.0,1,7.7815563678741455,0.9515025,13,dqn2_is_aligned,0
273,-1891.2728919741994,1887.3400538784963,-1888.6213038784963,3.932838095703125,0.0,1,8.082338362932205,0.9511225,8,dqn2_is_aligned,0
274,-2509.5625305175417,2509.5625305175417,-2509.5625305175417,0.0,0.0,1,4.881282806396484,0.951075,1,dqn2_is_aligned,0
275,-1118.2456344826885,1109.071963193626,-1109.071963193626,9.1736712890625,0.0,1,7.632990803037371,0.9507425,7,dqn2_is_aligned,0
276,-1513.2882797044792,1504.6259846776236,-1456.0243611424673,8.662295026855471,0.0,1,7.867383786610195,0.95041,7,dqn2_is_aligned,0
277,-770.2621119132582,742.4825320768325,-736.75194125652,27.77957983642578,0.0,1,9.841004033883413,0.94984,12,dqn2_is_aligned,0
278,-1438.765827594746,1432.2478224580273,-1433.2688185517773,6.518005136718747,0.0,1,6.765221357345581,0.949175,14,dqn2_is_aligned,0
279,-1247.767580728581,1231.6901077470138,-1208.9589065751388,16.077472981567386,0.0,1,8.853948950767517,0.948795,8,dqn2_is_aligned,0
280,-1048.414046283293,1031.3481311661053,-1015.2177600723554,17.0659151171875,0.0,1,8.112710555394491,0.948225,12,dqn2_is_aligned,0
281,-672.8720792104435,645.9883752480413,-649.9622522011663,26.883703962402343,0.0,1,8.303288524801081,0.9477025,11,dqn2_is_aligned,0
282,-921.5499256465574,895.7815864094969,-899.7154243001219,25.768339237060548,0.0,1,8.970724105834961,0.9473225,8,dqn2_is_aligned,0
283,-892.9333809131605,882.006665219801,-878.112866391676,10.926715693359373,0.0,1,9.398489339011055,0.94699,7,dqn2_is_aligned,0
284,-1287.229315152503,1280.3331484679327,-1280.3331484679327,6.8961666845703125,0.0,1,7.765760580698649,0.9468475,3,dqn2_is_aligned,0
285,-2516.7875671386355,2516.7875671386355,-2516.7875671386355,0.0,0.0,1,8.49510669708252,0.9468,1,dqn2_is_aligned,0
286,-1182.2018727985842,1175.7991528767088,-1180.2224927204588,6.402719921875,0.0,1,4.929288917117649,0.9463725000000001,9,dqn2_is_aligned,0
287,-1061.609866541376,1042.2470333467963,-1039.6945431124213,19.36283319458008,0.0,1,8.505657540427315,0.945945,9,dqn2_is_aligned,0
288,-933.1343307113427,923.7486559945459,-923.2081286507959,9.385674716796876,0.0,1,5.198800325393677,0.9456125,7,dqn2_is_aligned,0
289,-833.253138311342,817.9367849977433,-817.9367849977433,15.316353313598635,0.0,1,5.503490716218948,0.9452325,8,dqn2_is_aligned,0
290,-1242.3343994592608,1229.3594302795734,-1233.6536197326984,12.974969179687502,0.0,1,6.590167336993748,0.944805,9,dqn2_is_aligned,0
291,-1660.2101837276343,1653.966516673191,-1655.868372141941,6.2436670544433595,0.0,1,6.617374022801717,0.94452,6,dqn2_is_aligned,0
292,-2514.812469482422,2514.812469482422,-2514.812469482422,0.0,0.0,1,6.264631748199463,0.9444725,1,dqn2_is_aligned,0
293,-772.3456462963702,749.3450787475422,-749.3450787475422,23.000567548828123,0.0,1,6.932180794802579,0.94395,11,dqn2_is_aligned,0
294,-1658.814422247708,1632.3839858316924,-1623.9057143473174,26.43043641601563,0.0,1,6.684728665785356,0.9434275,11,dqn2_is_aligned,0
295,-1499.278804416822,1478.3658320236336,-1478.3658320236336,20.912972393188472,0.0,1,6.734986394643784,0.9430475,8,dqn2_is_aligned,0
296,-1925.218768126032,1912.5168001951238,-1912.5168001951238,12.701967930908204,0.0,1,6.647581100463867,0.9428575,4,dqn2_is_aligned,0
297,-1382.6586751249506,1374.0483851249505,-1374.0483851249505,8.610289999999999,0.0,1,5.4422378778457645,0.9423825,10,dqn2_is_aligned,0
298,-1000.7321095502406,987.686538604806,-987.1013945618372,13.045570945434571,0.0,1,6.736721992492676,0.941955,9,dqn2_is_aligned,0
299,-890.9472587257158,877.8299968848952,-877.8299968848952,13.117261840820312,0.0,1,5.523972272872925,0.94148,10,dqn2_is_aligned,0
300,-1556.5897278924392,1539.345859534285,-1513.61075211241,17.243868358154295,0.0,1,5.741045951843262,0.9413375,3,dqn2_is_aligned,0
301,-749.2083620313798,702.1696686097488,-702.1696686097488,47.03869342163087,0.0,1,5.923908457159996,0.9405775000000001,16,dqn2_is_aligned,0
302,-1029.4222426302254,1012.9040703499518,-1012.9040703499518,16.518172280273436,0.0,1,5.642044448852539,0.94034,5,dqn2_is_aligned,0
303,-2180.4880342581982,2178.9883267691844,-2177.8680264762156,1.4997074890136717,0.0,1,5.883723338445027,0.940055,6,dqn2_is_aligned,0
304,-1287.6273034025648,1280.6099085051037,-1280.6099085051037,7.017394897460938,0.0,1,5.925099325180054,0.9398175,5,dqn2_is_aligned,0
305,-1141.7849815138202,1135.9644575575212,-1135.208048866115,5.820523956298829,0.0,1,3.0128790537516275,0.939675,3,dqn2_is_aligned,0
306,-826.8264268568115,809.7988219636229,-776.2330260651854,17.027604893188478,0.0,1,6.721462279558182,0.939295,8,dqn2_is_aligned,0
307,-809.5460259596273,792.1924854206869,-804.7295947956869,17.353540538940436,0.0,1,5.114472031593323,0.9387725,11,dqn2_is_aligned,0
308,-1189.139846575612,1170.1310769833262,-1170.1310769833262,19.008769592285155,0.0,1,6.2600923379262285,0.938345,9,dqn2_is_aligned,0
309,-1886.711512744504,1883.751497930051,-1876.524203008176,2.960014814453125,0.0,1,5.386415617806571,0.9380125,7,dqn2_is_aligned,0
310,-1651.9604397649264,1647.3851612810395,-1647.111357570102,4.57527848388672,0.0,1,4.684365510940552,0.9376325,8,dqn2_is_aligned,0
311,-1026.6615677970512,1019.2140264243706,-1016.6315679282768,7.4475413726806625,0.0,1,4.2386400401592255,0.9372525,8,dqn2_is_aligned,0
312,-1522.4821885072593,1512.9442183998372,-1499.7485396888997,9.537970107421877,0.0,1,4.560666710138321,0.9368725,8,dqn2_is_aligned,0
313,-995.2712539970177,986.1163589927452,-982.5674698325889,9.15489500427246,0.0,1,4.043014645576477,0.9364925,8,dqn2_is_aligned,0
314,-838.7153240304774,814.055562050497,-814.055562050497,24.65976197998047,0.0,1,4.393540223439534,0.9359225,12,dqn2_is_aligned,0
315,-1337.1499264927547,1327.3953924809143,-1327.7357245121643,9.75453401184082,0.0,1,4.545724451541901,0.9355425,8,dqn2_is_aligned,0
316,-1056.6565034892947,1044.9273014177616,-1044.9273014177616,11.729202071533203,0.0,1,3.9417087912559508,0.9350675,10,dqn2_is_aligned,0
317,-1695.4583268083259,1693.1295224479743,-1686.113592272193,2.3288043603515627,0.0,1,2.6957106590270996,0.93483,5,dqn2_is_aligned,0
318,-1193.9745491307767,1183.5433497826325,-1161.67701677482,10.43119934814453,0.0,1,4.83307728767395,0.934355,10,dqn2_is_aligned,0
319,-2501.83746337882,2501.83746337882,-2501.83746337882,0.0,0.0,1,4.778031349182129,0.9343075,1,dqn2_is_aligned,0
320,-1709.3345897212703,1692.7506190291315,-1692.7506190291315,16.58397069213867,0.0,1,5.110302209854126,0.934165,3,dqn2_is_aligned,0
321,-1903.8631094238533,1902.0921978479255,-1896.3753399377692,1.7709115759277343,0.0,1,4.220236492156983,0.9339275,5,dqn2_is_aligned,0
322,-1146.1589531989416,1123.0759583411539,-1123.0759583411539,23.082994857788087,0.0,1,4.727517455816269,0.9335475,8,dqn2_is_aligned,0
323,-2509.5625305175417,2509.5625305175417,-2509.5625305175417,0.0,0.0,1,5.22427225112915,0.9335,1,dqn2_is_aligned,0
324,-2180.9900325446984,2179.429642544698,-2182.366227017354,1.5603899999999997,0.0,1,4.550807926389906,0.9330725,9,dqn2_is_aligned,0
325,-1685.4097931562164,1674.0889031562165,-1674.0889031562165,11.320890000000004,0.0,1,4.522532277637058,0.932645,9,dqn2_is_aligned,0
326,-636.2816904077672,588.4160972925329,-615.2212730737829,47.865593115234375,0.0,1,3.5277481451630592,0.931885,16,dqn2_is_aligned,0
327,-1679.001506607297,1673.258702685178,-1673.258702685178,5.74280392211914,0.0,1,3.1736935824155807,0.931505,8,dqn2_is_aligned,0
328,-1702.8884472694544,1700.748800322433,-1702.890890166183,2.1396469470214843,0.0,1,5.123477220535278,0.93141,2,dqn2_is_aligned,0
329,-1259.6103379015512,1243.5985477794802,-1221.9641483654177,16.011790122070312,0.0,1,4.730393707752228,0.93084,12,dqn2_is_aligned,0
330,-999.6711219462225,989.3959886967108,-996.571098559992,10.275133249511718,0.0,1,5.014726082483928,0.930555,6,dqn2_is_aligned,0
331,-1468.8119073032371,1464.294604935073,-1464.294604935073,4.517302368164063,0.0,1,4.439453397478376,0.9302225,7,dqn2_is_aligned,0
332,-1008.9050974718022,995.7947694017338,-988.5381776048588,13.110328070068359,0.0,1,3.8818844854831696,0.9298425,8,dqn2_is_aligned,0
333,-1624.3644650099072,1617.368348759907,-1615.516542119282,6.996116250000002,0.0,1,2.9005309343338013,0.929415,9,dqn2_is_aligned,0
334,-1483.4104701921954,1470.9377670934405,-1471.413230960628,12.472703098754886,0.0,1,4.251294466165396,0.9287974999999999,13,dqn2_is_aligned,0
335,-1025.4966443030507,1014.4116811878164,-1014.4116811878164,11.084963115234375,0.0,1,5.071954091389974,0.928655,3,dqn2_is_aligned,0
336,-1351.701647231687,1326.2899955196508,-1326.1398490352758,25.41165171203613,0.0,1,2.9728478626771406,0.9281325,11,dqn2_is_aligned,0
337,-919.3561598691987,907.7486776426362,-907.5988973691987,11.607482226562501,0.0,1,3.4346270731517246,0.9278,7,dqn2_is_aligned,0
338,-939.1354540137331,929.029646390442,-929.029646390442,10.105807623291016,0.0,1,4.200739940007527,0.9276575,3,dqn2_is_aligned,0
339,-2191.196095117714,2190.2825779766004,-2190.2825779766004,0.9135171411132812,0.0,1,3.364712874094645,0.927515,3,dqn2_is_aligned,0
340,-1674.7792202206379,1671.7819213424636,-1671.7819213424636,2.997298878173828,0.0,1,2.861495409693037,0.9271825,7,dqn2_is_aligned,0
341,-1431.5832477111544,1426.690827185032,-1421.916168981907,4.892420526123046,0.0,1,2.4925784319639206,0.9268025,8,dqn2_is_aligned,0
342,-1064.8155374765367,1051.879856250951,-1051.879856250951,12.935681225585938,0.0,1,3.829242785771688,0.92666,3,dqn2_is_aligned,0
343,-831.8128872592447,806.5032506808756,-800.4641881808756,25.30963657836914,0.0,1,3.1711001793543496,0.9262325,9,dqn2_is_aligned,0
344,-710.9579285529832,684.4548923536423,-669.7705661817673,26.503036199340823,0.0,1,3.14645277261734,0.9257575,10,dqn2_is_aligned,0
345,-2192.209290997671,2180.962378507437,-2181.222449308218,11.246912490234376,0.0,1,4.117511681147984,0.9254249999999999,7,dqn2_is_aligned,0
346,-1156.4201326024304,1149.654555519911,-1147.2195579613172,6.765577082519531,0.0,1,3.7772814432779946,0.92514,6,dqn2_is_aligned,0
347,-762.5629640734703,744.8805603588708,-744.8805603588708,17.682403714599612,0.0,1,2.7473779718081155,0.924855,6,dqn2_is_aligned,0
348,-2509.5124816893986,2509.5124816893986,-2509.5124816893986,0.0,0.0,1,3.1044678688049316,0.9248075,1,dqn2_is_aligned,0
349,-2500.1875305175645,2500.1875305175645,-2500.1875305175645,0.0,0.0,1,6.356781959533691,0.92476,1,dqn2_is_aligned,0
350,-1116.2373974620225,1104.3696065196398,-1104.3696065196398,11.86779094238281,0.0,1,2.9047573804855347,0.92438,8,dqn2_is_aligned,0
351,-1516.3419738088282,1513.1031207717187,-1513.1031207717187,3.2388530371093744,0.0,1,3.1759550869464874,0.924,8,dqn2_is_aligned,0
352,-2509.53750610347,2509.53750610347,-2509.53750610347,0.0,0.0,1,0.9486070275306702,0.9239525,1,dqn2_is_aligned,0
353,-908.0402416144589,885.4934290021544,-876.2193811505919,22.546812612304684,0.0,1,3.4214516997337343,0.9234775,10,dqn2_is_aligned,0
354,-2196.08159708506,2195.115995463966,-2195.115995463966,0.9656016210937499,0.0,1,3.7877528190612795,0.9232400000000001,5,dqn2_is_aligned,0
355,-942.4854179656705,924.0974740301236,-931.3195199285611,18.387943935546875,0.0,1,2.907135248184204,0.92305,4,dqn2_is_aligned,0
356,-854.2653466467277,835.5475824078362,-835.5774285992425,18.717764238891608,0.0,1,2.960345904032389,0.9226225,9,dqn2_is_aligned,0
357,-1418.7034385383322,1415.1195333186056,-1418.6930196467306,3.5839052197265624,0.0,1,4.191992998123169,0.9225275,2,dqn2_is_aligned,0
358,-2183.4101765031824,2182.299638169442,-2182.229569810067,1.1105383337402341,0.0,1,2.833353434290205,0.922195,7,dqn2_is_aligned,0
359,-1320.9729891404643,1308.0293655613625,-1303.7656936863625,12.943623579101564,0.0,1,3.0407515593937466,0.9218625,7,dqn2_is_aligned,0
360,-1908.4762981908011,1905.901309440801,-1905.901309440801,2.5749887499999997,0.0,1,2.494646532194955,0.92153,7,dqn2_is_aligned,0
361,-966.1686044360505,941.9869503051912,-972.3280147583162,24.181654130859375,0.0,1,3.0414760964257375,0.9211975,7,dqn2_is_aligned,0
362,-1713.1771296250047,1711.0245571250048,-1711.0245571250048,2.1525724999999998,0.0,1,2.5577794313430786,0.9211025,2,dqn2_is_aligned,0
363,-1484.6972990229415,1472.4474210334397,-1471.3971280646897,12.249877989501952,0.0,1,2.6912181774775186,0.9205325,12,dqn2_is_aligned,0
364,-794.5000917867085,769.0684505183978,-846.0735774715228,25.431641268310546,0.0,1,3.460998945766025,0.920105,9,dqn2_is_aligned,0
365,-1120.7186978474956,1107.1787210988382,-1112.2386576222757,13.539976748657228,0.0,1,1.9769707123438518,0.9199625,3,dqn2_is_aligned,0
366,-2511.0874938964116,2511.0874938964116,-2511.0874938964116,0.0,0.0,1,4.690532207489014,0.919915,1,dqn2_is_aligned,0
367,-1646.691516862803,1638.7854180395611,-1638.7854180395611,7.906098823242186,0.0,1,3.0938780109087625,0.919345,12,dqn2_is_aligned,0
368,-1913.5678226338453,1901.021489872615,-1888.46606995074,12.546332761230465,0.0,1,2.1967236863242254,0.9189175,9,dqn2_is_aligned,0
369,-1662.941431362437,1656.0629779456895,-1658.5353900550645,6.878453416748046,0.0,1,2.458417534828186,0.9183475,12,dqn2_is_aligned,0
370,-1729.0582024963853,1711.092560988817,-1711.092560988817,17.96564150756836,0.0,1,2.1624324321746826,0.918205,3,dqn2_is_aligned,0
371,-1171.3424401642162,1162.5821397015693,-1162.5821397015693,8.760300462646484,0.0,1,2.357582062482834,0.917825,8,dqn2_is_aligned,0
372,-1923.107695338627,1910.8469324779091,-1910.8469324779091,12.260762860717772,0.0,1,2.650441779030694,0.9173975,9,dqn2_is_aligned,0
373,-778.3539577584854,757.0113624508683,-755.0794776852433,21.342595307617195,0.0,1,3.0681033730506897,0.9170175,8,dqn2_is_aligned,0
374,-2514.737548828066,2514.737548828066,-2514.737548828066,0.0,0.0,1,3.4941399097442627,0.91697,1,dqn2_is_aligned,0
375,-1304.1024766487083,1299.242355030056,-1292.7377773933372,4.860121618652344,0.0,1,2.289417823155721,0.916685,6,dqn2_is_aligned,0
376,-680.3390492762645,657.7565230915724,-634.6489791462599,22.58252618469238,0.0,1,2.8475043972333274,0.916115,12,dqn2_is_aligned,0
377,-865.5338099060563,848.0385149060564,-854.3346574841814,17.495295000000006,0.0,1,2.1925708601872125,0.915545,12,dqn2_is_aligned,0
378,-1001.0820798491904,990.6843667748497,-989.2229409935997,10.39771307434082,0.0,1,2.47201406955719,0.9153075,5,dqn2_is_aligned,0
379,-776.185484090239,760.1740829610886,-760.1740829610886,16.011401129150393,0.0,1,1.8055557674831815,0.91488,9,dqn2_is_aligned,0
380,-1108.3434305188616,1099.8807691394672,-1099.8807691394672,8.462661379394532,0.0,1,1.8433085878690083,0.914595,6,dqn2_is_aligned,0
381,-2519.575656127884,2509.53750610347,-2509.53750610347,10.038150024414064,0.0,1,2.732970714569092,0.9145,2,dqn2_is_aligned,0
382,-2501.83746337882,2501.83746337882,-2501.83746337882,0.0,0.0,1,2.3832764625549316,0.9144525,1,dqn2_is_aligned,0
383,-2514.3875122070085,2514.3875122070085,-2514.3875122070085,0.0,0.0,1,1.5584734678268433,0.914405,1,dqn2_is_aligned,0
384,-2501.8124389647483,2501.8124389647483,-2501.8124389647483,0.0,0.0,1,2.0379092693328857,0.9143575,1,dqn2_is_aligned,0
385,-1058.9868234137457,1039.1839219098397,-1039.1839219098397,19.802901503906252,0.0,1,2.0806510150432587,0.9139775,8,dqn2_is_aligned,0
386,-1120.1506876218828,1113.522432720149,-1113.522432720149,6.628254901733398,0.0,1,3.786767303943634,0.9135975000000001,8,dqn2_is_aligned,0
387,-1908.5994429842988,1906.808395794968,-1908.359909466843,1.7910471893310547,0.0,1,2.983206590016683,0.9133125,6,dqn2_is_aligned,0
388,-791.947048382021,773.3794303400289,-773.3794303400289,18.567618041992187,0.0,1,1.906074445694685,0.9125525,16,dqn2_is_aligned,0
389,-2194.6763511835884,2192.9062223749947,-2192.9062223749947,1.7701288085937499,0.0,1,1.797357201576233,0.912315,5,dqn2_is_aligned,0
390,-924.4934066003104,912.0963449401542,-910.0493478698417,12.39706166015625,0.0,1,2.0610976219177246,0.9120775,5,dqn2_is_aligned,0
391,-2194.4748017356105,2192.9856627536765,-2192.575384433364,1.4891389819335938,0.0,1,1.8983431884220667,0.911745,7,dqn2_is_aligned,0
392,-695.5490738317658,677.3680333288361,-661.9066075475861,18.181040502929687,0.0,1,2.475754287507799,0.9113175,9,dqn2_is_aligned,0
393,-2208.9521042843103,2199.607246562142,-2199.607246562142,9.344857722167971,0.0,1,1.2611082792282104,0.9112225,2,dqn2_is_aligned,0
394,-1266.2396553194271,1258.692244772552,-1260.8093102022394,7.5474105468750015,0.0,1,1.940796607070499,0.910795,9,dqn2_is_aligned,0
395,-1461.7390496557132,1454.8088463543213,-1454.8088463543213,6.9302033013916,0.0,1,2.021336793899536,0.9103675,9,dqn2_is_aligned,0
396,-984.8430860497524,972.9849985119106,-972.9849985119106,11.858087537841797,0.0,1,2.2244189977645874,0.9102250000000001,3,dqn2_is_aligned,0
397,-1715.960658868313,1711.6539302892113,-1711.6539302892113,4.306728579101563,0.0,1,1.776766260464986,0.9100825,3,dqn2_is_aligned,0
398,-2506.2124633788017,2506.2124633788017,-2506.2124633788017,0.0,0.0,1,0.9439945220947266,0.910035,1,dqn2_is_aligned,0
399,-921.0470491729584,909.3179638152924,-909.3179638152924,11.729085357666015,0.0,1,2.226843237876892,0.90956,10,dqn2_is_aligned,0
400,-840.9122436904464,830.0648183169112,-826.44488423488,10.847425373535154,0.0,1,1.909650034374661,0.9091325,9,dqn2_is_aligned,0
401,-1900.3935058729367,1898.247952635632,-1898.037747557507,2.145553237304687,0.0,1,1.7188208784375871,0.9088,7,dqn2_is_aligned,0
402,-2195.336972027834,2186.0497124190692,-2186.0497124190692,9.28725960876465,0.0,1,1.345965027809143,0.908705,2,dqn2_is_aligned,0
403,-1206.189838238065,1196.8149206935093,-1191.1894324122593,9.374917544555665,0.0,1,2.2493238316641913,0.9082775,9,dqn2_is_aligned,0
404,-2502.2375488280204,2502.2375488280204,-2502.2375488280204,0.0,0.0,1,2.7628068923950195,0.90823,1,dqn2_is_aligned,0
405,-1411.626741444732,1405.3595793274217,-1405.2396452453904,6.26716211730957,0.0,1,2.0392202138900757,0.907755,10,dqn2_is_aligned,0
406,-880.9916856195399,864.5934085895105,-864.5733890582605,16.398277030029295,0.0,1,1.5982666909694672,0.90728,10,dqn2_is_aligned,0
407,-1046.8965206804965,1037.5480402892613,-1038.2370661681675,9.348480391235352,0.0,1,1.9410797536373139,0.906805,10,dqn2_is_aligned,0
408,-1287.3801294206187,1279.9301055161995,-1274.7446196763558,7.450023904418944,0.0,1,1.7311734706163406,0.906425,8,dqn2_is_aligned,0
409,-2197.870880517848,2196.3220178103284,-2196.3220178103284,1.548862707519531,0.0,1,2.2666810949643454,0.90614,6,dqn2_is_aligned,0
410,-1914.622761120047,1913.061474101004,-1913.156444804129,1.5612870190429686,0.0,1,1.8839350461959838,0.9059025,5,dqn2_is_aligned,0
411,-1520.1465314150446,1511.633926063482,-1511.633926063482,8.5126053515625,0.0,1,1.6612572431564332,0.905665,5,dqn2_is_aligned,0
412,-2514.7125244139943,2514.7125244139943,-2514.7125244139943,0.0,0.0,1,2.3825225830078125,0.9056175,1,dqn2_is_aligned,0
413,-743.4184321709258,726.9947798601348,-726.9947798601348,16.423652310791013,0.0,1,2.448956477642059,0.9051425,10,dqn2_is_aligned,0
414,-1235.1977775112484,1227.6948148647639,-1225.8781644741389,7.5029626464843755,0.0,1,1.983557681242625,0.9048575,6,dqn2_is_aligned,0
415,-1028.7775646419295,1014.6968008858257,-1021.3282706123882,14.080763756103515,0.0,1,2.3317303392622204,0.9044300000000001,9,dqn2_is_aligned,0
416,-1900.0901743561167,1896.5667485632703,-1896.5667485632703,3.52342579284668,0.0,1,2.099476456642151,0.9040975,7,dqn2_is_aligned,0
417,-1408.025483198098,1400.7568074449243,-1395.9568196519556,7.268675753173829,0.0,1,1.7274456719557445,0.9035275,12,dqn2_is_aligned,0
418,-1454.4792403299382,1440.736814277692,-1452.7706277542545,13.742426052246097,0.0,1,2.099705785512924,0.9031475,8,dqn2_is_aligned,0
419,-1391.0559218582096,1380.5491491531313,-1397.1809850906313,10.506772705078124,0.0,1,1.8784228265285492,0.9025775,12,dqn2_is_aligned,0
420,-1062.0017251682802,1052.5874439182803,-1049.3642993870303,9.414281250000002,0.0,1,1.4646308367902583,0.902055,11,dqn2_is_aligned,0
421,-1118.2842064563356,1108.3391867078003,-1108.3291769421753,9.945019748535154,0.0,1,2.343123123049736,0.901675,8,dqn2_is_aligned,0
422,-1890.1108122282617,1884.1678124992575,-1885.5992089836325,5.942999729003905,0.0,1,1.9020042088296678,0.9012475,9,dqn2_is_aligned,0
423,-1080.0727154182143,1073.0243720649428,-1070.8910102485365,7.048343353271484,0.0,1,1.6027328073978424,0.9010575,4,dqn2_is_aligned,0
424,-2200.277648315157,2199.5634699582233,-2199.5634699582233,0.7141783569335937,0.0,1,1.5210381150245667,0.9009625,2,dqn2_is_aligned,0
425,-1443.472086493311,1438.0102395963381,-1438.0102395963381,5.461846896972656,0.0,1,1.4831659644842148,0.9005825,8,dqn2_is_aligned,0
426,-786.5938089329484,767.6229067015031,-772.0171938108781,18.970902231445315,0.0,1,1.9459407925605774,0.90025,7,dqn2_is_aligned,0
427,-2204.2932963453027,2192.1496092310445,-2192.0194822779195,12.143687114257812,0.0,1,1.4926613436804876,0.8998225,9,dqn2_is_aligned,0
428,-608.1457249912027,586.8226591464761,-588.6244169589761,21.323065844726564,0.0,1,1.5899804631869,0.8995375,6,dqn2_is_aligned,0
429,-1655.6916714454487,1649.5957660194235,-1649.5957660194235,6.095905426025391,0.0,1,1.31087730328242,0.89911,9,dqn2_is_aligned,0
430,-650.8557341058913,625.1017641180985,-623.875567829036,25.75396998779297,0.0,1,1.3661270141601562,0.898635,10,dqn2_is_aligned,0
431,-645.5536217894204,610.8985441575843,-607.7758024583655,34.655077631835944,0.0,1,1.4967759251594543,0.8981125,11,dqn2_is_aligned,0
432,-1273.5423831224325,1265.7239104442097,-1265.7239104442097,7.818472678222657,0.0,1,1.1911271725382124,0.89778,7,dqn2_is_aligned,0
433,-2499.187469482422,2499.187469482422,-2499.187469482422,0.0,0.0,1,1.5808309316635132,0.8977325,1,dqn2_is_aligned,0
434,-1442.1626128649436,1437.1488853905787,-1436.8489586327662,5.0137274743652345,0.0,1,1.395993247628212,0.8971625,12,dqn2_is_aligned,0
435,-1430.7764342724968,1424.3316852978874,-1424.3316852978874,6.444748974609375,0.0,1,1.3721298575401306,0.8967825,8,dqn2_is_aligned,0
436,-1428.2795235023946,1402.3307248854512,-1404.2483274245137,25.948798616943357,0.0,1,1.3794790705045064,0.896355,9,dqn2_is_aligned,0
437,-1457.111955950675,1453.1792584293125,-1453.1792584293125,3.9326975213623045,0.0,1,1.5057620763778687,0.8961175,5,dqn2_is_aligned,0
438,-1631.2769469720943,1624.149079511157,-1625.2582714056882,7.127867460937501,0.0,1,1.3373655751347542,0.8957375,8,dqn2_is_aligned,0
439,-1283.3048808389974,1278.7017758951497,-1278.7017758951497,4.603104943847657,0.0,1,1.2637831568717957,0.895595,3,dqn2_is_aligned,0
440,-1167.7888508817791,1159.205890798771,-1173.8259469511147,8.582960083007814,0.0,1,1.286616951227188,0.895215,8,dqn2_is_aligned,0
441,-2197.4523893330925,2196.4666416426626,-2196.4666416426626,0.9857476904296876,0.0,1,1.4127812726157052,0.8948825,7,dqn2_is_aligned,0
442,-886.5137216715838,870.267386487868,-870.267386487868,16.246335183715818,0.0,1,1.4804511070251465,0.894645,5,dqn2_is_aligned,0
443,-930.4378760242674,917.7969278699707,-945.1805948621582,12.640948154296877,0.0,1,1.3431488616125924,0.8943125000000001,7,dqn2_is_aligned,0
444,-1902.9898589039924,1899.851435212586,-1900.3268990797735,3.13842369140625,0.0,1,1.2718427096094405,0.89398,7,dqn2_is_aligned,0
445,-1439.0212059333035,1434.1936780036162,-1434.1936780036162,4.8275279296875,0.0,1,1.4933313578367233,0.8936,8,dqn2_is_aligned,0
446,-1381.6437394323627,1377.0269110168354,-1377.0269110168354,4.616828415527344,0.0,1,1.2700080374876659,0.89303,12,dqn2_is_aligned,0
447,-1731.9632581494548,1688.0206889355877,-1688.0206889355877,43.94256921386718,0.0,1,1.135116732120514,0.892555,10,dqn2_is_aligned,0
448,-1924.3001186616657,1922.5901822114702,-1922.5901822114702,1.7099364501953123,0.0,1,1.226989677974156,0.8922225,7,dqn2_is_aligned,0
449,-733.2852001032333,717.6246666608505,-716.8238854108505,15.660533442382814,0.0,1,1.091378003358841,0.8919375,6,dqn2_is_aligned,0
450,-1413.916424289137,1410.3446214217054,-1410.3446214217054,3.5718028674316407,0.0,1,1.408454954624176,0.8918425,2,dqn2_is_aligned,0
451,-739.196133636191,722.8278717563081,-716.2264313266206,16.368261879882812,0.0,1,1.5558076013218274,0.89132,11,dqn2_is_aligned,0
452,-947.0252145463807,920.8932867875916,-919.8818121782166,26.13192775878906,0.0,1,1.5856216483645968,0.8908925,9,dqn2_is_aligned,0
453,-2181.748625703944,2179.516496015834,-2179.4914716017715,2.2321296881103514,0.0,1,1.3816840483082666,0.8904650000000001,9,dqn2_is_aligned,0
454,-2516.2124633789062,2516.2124633789062,-2516.2124633789062,0.0,0.0,1,0.9092163443565369,0.8904175,1,dqn2_is_aligned,0
455,-1071.9965092402617,1056.4371696125763,-1056.4371696125763,15.55933962768555,0.0,1,1.7865599658754137,0.8899900000000001,9,dqn2_is_aligned,0
456,-763.6950201246975,748.5975866914699,-748.5975866914699,15.09743343322754,0.0,1,1.538733971118927,0.8897525,5,dqn2_is_aligned,0
457,-1887.8269369661725,1883.6542054940046,-1877.7666932869734,4.1727314721679685,0.0,1,1.2458646327257157,0.8892774999999999,10,dqn2_is_aligned,0
458,-1049.466990674554,1037.058682886468,-1027.739591089593,12.40830778808594,0.0,1,1.5698502585291862,0.8888975,8,dqn2_is_aligned,0
459,-803.4108658165172,779.5200687584118,-779.5200687584118,23.89079705810547,0.0,1,1.0535988261302311,0.8886125,6,dqn2_is_aligned,0
460,-1690.9948927787125,1688.6722131107438,-1688.6822228763688,2.32267966796875,0.0,1,1.233634853363037,0.888375,5,dqn2_is_aligned,0
461,-2501.7625427245775,2501.7625427245775,-2501.7625427245775,0.0,0.0,1,0.8803246021270752,0.8883275,1,dqn2_is_aligned,0
462,-1021.4247309481859,997.0004952255296,-851.7250435653733,24.42423572265625,0.0,1,1.405111809571584,0.8877575,12,dqn2_is_aligned,0
463,-654.1261740999615,633.000699612657,-633.000699612657,21.125474487304693,0.0,1,1.1073141694068909,0.88733,9,dqn2_is_aligned,0
464,-2181.4982419014887,2180.067491116577,-2180.908311429077,1.4307507849121093,0.0,1,1.3143948838114738,0.88695,8,dqn2_is_aligned,0
465,-1148.6255187094182,1142.6324937301704,-1142.6324937301704,5.993024979248047,0.0,1,1.155191828807195,0.886665,6,dqn2_is_aligned,0
466,-1422.0956601582307,1414.534524092557,-1412.3917628620882,7.561136065673827,0.0,1,1.0968269790921892,0.8863325,7,dqn2_is_aligned,0
467,-790.2349471784947,777.4359300099158,-781.5699632130408,12.799017168579102,0.0,1,1.2230740586916606,0.8860475,6,dqn2_is_aligned,0
468,-1924.5889359375565,1912.4450734375564,-1912.4450734375564,12.143862500000001,0.0,1,1.3269679016537137,0.8856200000000001,9,dqn2_is_aligned,0
469,-1225.8293112884576,1203.3075459198053,-1203.3075459198053,22.52176536865235,0.0,1,1.364188622344624,0.8850975,11,dqn2_is_aligned,0
470,-915.152065620486,904.3200842178983,-904.3300939835233,10.831981402587889,0.0,1,1.0682241519292195,0.8846700000000001,9,dqn2_is_aligned,0
471,-919.25418493086,895.2024370768562,-887.6185747721687,24.051747854003906,0.0,1,1.183366671204567,0.88429,8,dqn2_is_aligned,0
472,-1403.5644379714008,1392.6614033449357,-1392.1509052980607,10.903034626464843,0.0,1,1.3727352894269502,0.8836725,13,dqn2_is_aligned,0
473,-1411.1764142926054,1402.0827619146758,-1402.0827619146758,9.093652377929688,0.0,1,0.9147105150752597,0.8832450000000001,9,dqn2_is_aligned,0
474,-1934.033336868007,1925.4296139389298,-1925.4296139389298,8.603722929077147,0.0,1,0.8761537671089172,0.88315,2,dqn2_is_aligned,0
475,-2500.0625610350653,2500.0625610350653,-2500.0625610350653,0.0,0.0,1,2.2311489582061768,0.8831025,1,dqn2_is_aligned,0
476,-1444.2549019182716,1439.2494270647562,-1434.1789924944437,5.005474853515625,0.0,1,1.1662663774830955,0.88277,7,dqn2_is_aligned,0
477,-997.3752400650234,977.794880012533,-891.8452950515955,19.58036005249024,0.0,1,1.5436074642034678,0.8821525,13,dqn2_is_aligned,0
478,-1312.9661703409338,1307.520707830558,-1305.979203924308,5.445462510375975,0.0,1,1.1899797022342682,0.8818675,6,dqn2_is_aligned,0
479,-1448.3685457053766,1438.0409933311084,-1437.985939620171,10.327552374267578,0.0,1,0.9690406755967573,0.881345,11,dqn2_is_aligned,0
480,-1642.1412683046988,1637.2094924666858,-1637.0794875838733,4.931775838012696,0.0,1,1.2392043769359589,0.880965,8,dqn2_is_aligned,0
481,-1343.1814572269757,1333.115607007249,-1331.567023022874,10.065850219726565,0.0,1,1.7011826932430267,0.88068,6,dqn2_is_aligned,0
482,-1087.3730476809692,1063.101454128723,-1068.0520156521604,24.271593552246095,0.0,1,0.9212375521659851,0.8804425,5,dqn2_is_aligned,0
483,-756.880944411868,731.6149208004177,-731.0543739254177,25.266023611450198,0.0,1,1.0023992386731235,0.87992,11,dqn2_is_aligned,0
484,-1118.6786687974122,1097.0025655308104,-1064.635988382373,21.676103266601565,0.0,1,0.967404693365097,0.87973,4,dqn2_is_aligned,0
485,-2514.1125488280522,2514.1125488280522,-2514.1125488280522,0.0,0.0,1,0.732315182685852,0.8796825,1,dqn2_is_aligned,0
486,-1130.6115342166756,1120.899822278199,-1143.774822278199,9.711711938476563,0.0,1,1.3793011903762817,0.879445,5,dqn2_is_aligned,0
487,-1388.334123093739,1373.3681907756236,-1380.0046653849986,14.965932318115232,0.0,1,1.0142904043197631,0.8792075,5,dqn2_is_aligned,0
488,-1891.219378092796,1886.8489630708232,-1888.8722174653544,4.370415021972656,0.0,1,1.4385132410309531,0.8786849999999999,11,dqn2_is_aligned,0
489,-1657.8255173319844,1653.7120445023947,-1652.1805503617697,4.113472829589845,0.0,1,1.2043717503547668,0.878305,8,dqn2_is_aligned,0
490,-1250.8055486125397,1234.4789937236237,-1234.4789937236237,16.326554888916014,0.0,1,1.1203096210956573,0.878115,4,dqn2_is_aligned,0
491,-1135.3153309436257,1107.7647272967752,-1104.8919245624002,27.55060364685058,0.0,1,0.9611690375539992,0.8776875,9,dqn2_is_aligned,0
492,-1894.8930043617052,1890.7688347816274,-1890.6286980628774,4.124169580078125,0.0,1,1.1530111372470855,0.8772125,10,dqn2_is_aligned,0
493,-2514.4375610351517,2514.4375610351517,-2514.4375610351517,0.0,0.0,1,1.541993498802185,0.877165,1,dqn2_is_aligned,0
494,-757.1125974162284,736.1250387199393,-736.1250387199393,20.987558696289064,0.0,1,1.3432633429765701,0.876785,8,dqn2_is_aligned,0
495,-1506.14822806368,1476.910332014486,-1476.4248583816734,29.237896049194333,0.0,1,1.0144359111785888,0.87631,10,dqn2_is_aligned,0
496,-799.0457459988502,771.6645413308814,-798.9675808816627,27.381204667968753,0.0,1,0.7559571770521311,0.8756925,13,dqn2_is_aligned,0
497,-927.2471731603246,897.2656903600317,-887.677616629563,29.981482800292973,0.0,1,0.8587644279003144,0.8752175,10,dqn2_is_aligned,0
498,-1472.8680741703197,1468.6331299717112,-1468.6331299717112,4.234944198608399,0.0,1,1.2113078594207765,0.8747425,10,dqn2_is_aligned,0
499,-954.3357467511789,921.1989266901438,-920.8090341120188,33.13682006103516,0.0,1,1.1265835960706074,0.8741725,12,dqn2_is_aligned,0
500,-1902.8939376879339,1899.2226763933786,-1899.2226763933786,3.6712612945556646,0.0,1,1.0751202305157979,0.873745,9,dqn2_is_aligned,0
501,-967.3598138573886,957.4520609869053,-957.4520609869053,9.907752870483398,0.0,1,1.3661125004291534,0.873555,4,dqn2_is_aligned,0
502,-954.5977900002891,937.8317706374962,-951.74821350859,16.766019362792967,0.0,1,1.1210617025693257,0.87327,6,dqn2_is_aligned,0
503,-1240.6594493661855,1232.9834286221671,-1241.6050106534171,7.676020744018555,0.0,1,1.1477812263700697,0.8728425,9,dqn2_is_aligned,0
504,-738.0348512873112,721.9812460431705,-721.8911581525455,16.053605244140623,0.0,1,0.8077353358268737,0.8723675,10,dqn2_is_aligned,0
505,-950.2895241994111,934.9852431239718,-909.2234023036593,15.304281075439453,0.0,1,1.137446328997612,0.8719875,8,dqn2_is_aligned,0
506,-1303.4162837673023,1286.3235795076587,-1267.4751908357837,17.092704259643554,0.0,1,1.1934272944927216,0.8716075,8,dqn2_is_aligned,0
507,-1346.1118929613303,1334.3072316258813,-1371.27421160635,11.804661335449218,0.0,1,1.8223382631937664,0.8713225,6,dqn2_is_aligned,0
508,-2184.1598697248237,2180.408688465668,-2179.3132905164493,3.7511812591552727,0.0,1,1.8294187675822864,0.8708,11,dqn2_is_aligned,0
509,-1886.809875829997,1882.0953776995034,-1885.8005168596596,4.714498130493164,0.0,1,1.7437173783779145,0.870325,10,dqn2_is_aligned,0
510,-2521.6841235351517,2511.637573242183,-2511.637573242183,10.04655029296875,0.0,1,1.0086537301540375,0.8702300000000001,2,dqn2_is_aligned,0
511,-901.8308300873354,890.9941697430969,-895.1943650555969,10.836660344238283,0.0,1,1.1887179229940688,0.8698975,7,dqn2_is_aligned,0
512,-2200.0807231438075,2199.3666087059414,-2199.3666087059414,0.7141144378662109,0.0,1,1.8683793544769287,0.8698025,2,dqn2_is_aligned,0
513,-1413.7236735150254,1402.4277459893906,-1400.179332903453,11.295927525634767,0.0,1,0.8588919204014999,0.869185,13,dqn2_is_aligned,0
514,-1277.4399512227733,1271.7147175484567,-1280.486507099238,5.7252336743164065,0.0,1,1.0896232843399047,0.8689475,5,dqn2_is_aligned,0
515,-1905.5336098750586,1903.0345836250585,-1903.0345836250585,2.4990262500000004,0.0,1,1.042139708995819,0.86852,9,dqn2_is_aligned,0
516,-1048.3362047564774,1040.121771536873,-1050.811712943123,8.214433219604492,0.0,1,1.4182142814000447,0.8683775,3,dqn2_is_aligned,0
517,-1288.2666305888147,1261.2054054331752,-1261.2054054331752,27.061225155639647,0.0,1,0.9168068062175404,0.867855,11,dqn2_is_aligned,0
518,-1915.979512688196,1911.1717169765259,-1911.1717169765259,4.807795711669922,0.0,1,0.9862999618053436,0.867475,8,dqn2_is_aligned,0
519,-1421.1800851116632,1414.5947964397885,-1414.5847866741635,6.5852886718749994,0.0,1,1.0585283438364665,0.8670475,9,dqn2_is_aligned,0
520,-1675.1142667238155,1661.699554834167,-1676.1368717286982,13.414711889648439,0.0,1,0.884018424153328,0.8665725,10,dqn2_is_aligned,0
521,-963.797169861908,953.2662218791202,-949.8957384806827,10.530947982788087,0.0,1,1.0643861077048562,0.86605,11,dqn2_is_aligned,0
522,-1195.5351291442564,1167.304813800018,-1132.6181072570494,28.23031534423828,0.0,1,0.9923114081223806,0.865765,6,dqn2_is_aligned,0
523,-851.7419928337208,809.3076065660205,-815.4484757066455,42.4343862677002,0.0,1,1.2192512154579163,0.8649575,17,dqn2_is_aligned,0
524,-1290.682879748159,1281.6081212130025,-1281.6081212130025,9.07475853515625,0.0,1,1.0728664159774781,0.86472,5,dqn2_is_aligned,0
525,-1416.1932957390825,1405.8827691887893,-1405.1565118645706,10.310526550292968,0.0,1,0.9089576850334803,0.86415,12,dqn2_is_aligned,0
526,-1056.5643801936587,1040.9124039155827,-1020.3515518648013,15.651976278076171,0.0,1,1.14900475527559,0.8634850000000001,14,dqn2_is_aligned,0
527,-1428.616263856919,1417.8438779761818,-1417.8438779761818,10.772385880737303,0.0,1,0.9059944450855255,0.863295,4,dqn2_is_aligned,0
528,-975.6514291089443,967.6465091870692,-962.0810794995692,8.004919921874999,0.0,1,1.0012119497571672,0.8629625000000001,7,dqn2_is_aligned,0
529,-1493.6762659317412,1481.9964316116732,-1481.9964316116732,11.67983432006836,0.0,1,0.9763222336769104,0.86263,7,dqn2_is_aligned,0
530,-1694.5146634956945,1683.678111557218,-1674.879527572843,10.836551938476564,0.0,1,0.7728498950600624,0.86225,8,dqn2_is_aligned,0
531,-1199.1664644986413,1186.089472643172,-1171.572138658797,13.07699185546875,0.0,1,1.0747322014399938,0.861585,14,dqn2_is_aligned,0
532,-1925.671661584551,1915.033742286455,-1909.3932393567675,10.637919298095703,0.0,1,1.5721283952395122,0.8613,6,dqn2_is_aligned,0
533,-2186.84986657831,2185.748156086367,-2181.588915363711,1.1017104919433591,0.0,1,1.5384502742025588,0.8608725,9,dqn2_is_aligned,0
534,-1489.8012993817401,1476.7860337365987,-1476.7860337365987,13.015265645141604,0.0,1,1.13755863904953,0.8606825,4,dqn2_is_aligned,0
535,-1271.4074771960586,1266.014593543715,-1255.3159241101212,5.39288365234375,0.0,1,1.7566064198811848,0.86054,3,dqn2_is_aligned,0
536,-1031.974818464896,1014.4217757036657,-1014.4217757036657,17.55304276123047,0.0,1,1.5857257694005966,0.86035,4,dqn2_is_aligned,0
537,-1109.3676019317336,1097.724168941011,-1112.8922597613234,11.643432990722658,0.0,1,0.9029303951696916,0.8598275,11,dqn2_is_aligned,0
538,-1077.4176952771927,1059.5213750501412,-1059.2711309095162,17.896320227050776,0.0,1,1.2328663549639962,0.859305,11,dqn2_is_aligned,0
539,-979.5289131605309,958.9572967103356,-973.1010955384606,20.57161645019531,0.0,1,1.4331623762845993,0.8591150000000001,4,dqn2_is_aligned,0
540,-1152.171036871903,1129.4998202825475,-1129.4998202825475,22.67121658935547,0.0,1,1.0494217276573181,0.8586400000000001,10,dqn2_is_aligned,0
541,-1634.416183492273,1627.412517922815,-1629.054119485315,7.003665569458008,0.0,1,0.780517061551412,0.8582125,9,dqn2_is_aligned,0
542,-1899.087957289826,1895.8273459922184,-1897.6691428672184,3.260611297607422,0.0,1,1.223161667585373,0.8580225,4,dqn2_is_aligned,0
543,-1172.3401237564724,1163.267221544558,-1169.069467638308,9.072902211914062,0.0,1,0.9215176582336426,0.8575475,10,dqn2_is_aligned,0
544,-2501.6999816893986,2501.6999816893986,-2501.6999816893986,0.0,0.0,1,0.7550653219223022,0.8575,1,dqn2_is_aligned,0
545,-1028.9793295383895,1018.6803257883893,-1014.7564976633893,10.29900375,0.0,1,0.9982313730499961,0.8569775,11,dqn2_is_aligned,0
546,-1421.3357387266105,1417.745193359179,-1417.745193359179,3.5905453674316403,0.0,1,0.8920393586158752,0.8568825,2,dqn2_is_aligned,0
547,-1358.535489845293,1344.162751059282,-1359.116364340532,14.372738786010743,0.0,1,0.8963118096192678,0.8567400000000001,3,dqn2_is_aligned,0
548,-1025.1191364625447,1007.7325537586871,-1007.7325537586871,17.386582703857425,0.0,1,0.9742792817679319,0.8562175,11,dqn2_is_aligned,0
549,-1917.6123426216927,1913.5066573818244,-1916.3694503505744,4.105685239868164,0.0,1,0.7831403613090515,0.8560275,4,dqn2_is_aligned,0
550,-1920.594546213649,1918.9179747677258,-1914.1040099239758,1.6765714459228513,0.0,1,1.089979628721873,0.8557425,6,dqn2_is_aligned,0
551,-1051.5454874625193,1039.3008961050973,-1042.7742847769723,12.244591357421873,0.0,1,0.9144364366164575,0.855125,13,dqn2_is_aligned,0
552,-1289.0198597019203,1280.722142404557,-1275.7529651584632,8.297717297363281,0.0,1,1.0404842019081115,0.8548875,5,dqn2_is_aligned,0
553,-1711.3469862075794,1692.8379664321892,-1692.8379664321892,18.509019775390627,0.0,1,0.9144199788570404,0.8545075,8,dqn2_is_aligned,0
554,-817.0110312548094,789.6663058544187,-787.0995333934812,27.344725400390622,0.0,1,1.103088996627114,0.853985,11,dqn2_is_aligned,0
555,-1687.226120064162,1664.5742335114276,-1664.5742335114276,22.65188655273437,0.0,1,1.11103070633752,0.8536525,7,dqn2_is_aligned,0
556,-2500.762481689435,2500.762481689435,-2500.762481689435,0.0,0.0,1,0.6269760131835938,0.8536050000000001,1,dqn2_is_aligned,0
557,-1375.3253033103006,1367.3112582211893,-1352.6730746274393,8.014045089111328,0.0,1,0.8416096806526184,0.8533675000000001,5,dqn2_is_aligned,0
558,-1516.5932389016652,1500.5811421292044,-1500.5811421292044,16.012096772460936,0.0,1,1.2725675304730732,0.853225,3,dqn2_is_aligned,0
559,-991.6783303288165,969.3107842545978,-969.3107842545978,22.367546074218748,0.0,1,0.9299793779850006,0.85275,10,dqn2_is_aligned,0
560,-1140.2287808381548,1114.1265847700395,-1120.1959817426957,26.102196068115234,0.0,1,0.7751975655555725,0.8525125,5,dqn2_is_aligned,0
561,-1151.1625511934606,1144.9966601631872,-1144.9966601631872,6.165891030273437,0.0,1,0.8541128158569335,0.852275,5,dqn2_is_aligned,0
562,-1901.060879236716,1897.6355611617646,-1895.1912862594208,3.425318074951172,0.0,1,0.9633144835631052,0.85199,6,dqn2_is_aligned,0
563,-1633.5293395885324,1629.4547200987863,-1636.7809530089426,4.074619489746093,0.0,1,1.0838147572108678,0.8516575,7,dqn2_is_aligned,0
564,-1664.6421523938739,1660.9592957117447,-1664.7204651453385,3.6828566821289064,0.0,1,1.0455115139484406,0.8512775,8,dqn2_is_aligned,0
565,-2195.5098593628636,2194.695817470774,-2190.791337490305,0.8140418920898437,0.0,1,0.9471182525157928,0.851135,3,dqn2_is_aligned,0
566,-1475.0347787896662,1466.8873534478698,-1466.8873534478698,8.147425341796874,0.0,1,1.039917881672199,0.8505175,13,dqn2_is_aligned,0
567,-1182.4268721485444,1175.8193150196382,-1183.9103794727632,6.607557128906251,0.0,1,0.9079836487770081,0.8500425,10,dqn2_is_aligned,0
568,-843.2185799737861,804.7822002484442,-887.7545513226629,38.436379725341794,0.0,1,1.1183626174926757,0.8490925,20,dqn2_is_aligned,0
569,-1197.0113750430764,1186.4319146866312,-1186.4919732803812,10.57946035644531,0.0,1,1.040535569190979,0.84857,11,dqn2_is_aligned,0
570,-1061.5123970717793,1030.7307578225118,-1021.5889731545429,30.781639249267577,0.0,1,0.9379217624664307,0.8483325,5,dqn2_is_aligned,0
571,-1519.5762211132756,1513.6009672277773,-1513.6009672277773,5.975253885498047,0.0,1,1.1558159291744232,0.8480475000000001,6,dqn2_is_aligned,0
572,-1158.875825384212,1093.5948725088456,-1175.2435541494706,65.28095287536621,0.0,1,1.169643757243951,0.8474775,12,dqn2_is_aligned,0
573,-2502.2375488280204,2502.2375488280204,-2502.2375488280204,0.0,0.0,1,1.2628333568572998,0.84743,1,dqn2_is_aligned,0
574,-2501.6375732420784,2501.6375732420784,-2501.6375732420784,0.0,0.0,1,0.5968131422996521,0.8473825,1,dqn2_is_aligned,0
575,-734.9852316239686,717.6550391319029,-717.6550391319029,17.330192492065432,0.0,1,0.9175978392362595,0.8469075,10,dqn2_is_aligned,0
576,-815.1667914444805,779.5559705124737,-754.7056897507549,35.61082093200684,0.0,1,0.8761456906795502,0.8463375,12,dqn2_is_aligned,0
577,-2188.8070618860693,2188.016007218711,-2187.616104874961,0.7910546673583984,0.0,1,1.2704377621412277,0.8461475,4,dqn2_is_aligned,0
578,-1899.7705331401576,1884.5836473497525,-1884.2333055528775,15.186885790405272,0.0,1,1.1191131174564362,0.84572,9,dqn2_is_aligned,0
579,-808.9498802918714,783.2884785041515,-781.3465839729015,25.661401787719726,0.0,1,0.9083538163792003,0.8451975,11,dqn2_is_aligned,0
580,-821.0686183482777,786.321648926891,-768.4840634776723,34.74696942138672,0.0,1,0.9399877603237445,0.84458,13,dqn2_is_aligned,0
581,-691.8885091990882,665.2771610240393,-594.329590223258,26.611348175048832,0.0,1,1.0762821659445763,0.8442000000000001,8,dqn2_is_aligned,0
582,-1421.4792073046463,1415.024612476155,-1415.024612476155,6.454594828491211,0.0,1,0.8702029287815094,0.844105,2,dqn2_is_aligned,0
583,-1043.7255906555415,1025.9774346008544,-1025.9774346008544,17.748156054687502,0.0,1,0.8695732463489879,0.8435825,11,dqn2_is_aligned,0
584,-1908.328076820154,1894.9067351477902,-1878.8310515540402,13.421341672363281,0.0,1,0.8006778189114162,0.84325,7,dqn2_is_aligned,0
585,-1398.974323073442,1392.2461724087689,-1392.9868950650189,6.728150664672852,0.0,1,0.7726306584146287,0.8428225,9,dqn2_is_aligned,0
586,-1337.3296099564516,1308.8456825589901,-1312.9697059964901,28.483927397460935,0.0,1,0.7483913139863447,0.8423,11,dqn2_is_aligned,0
587,-2189.6714593416928,2186.990605785175,-2182.7207693593937,2.6808535565185543,0.0,1,0.7902893200516701,0.84192,8,dqn2_is_aligned,0
588,-910.9599184497519,892.138500080001,-892.138500080001,18.82141836975098,0.0,1,0.9705926515161991,0.84154,8,dqn2_is_aligned,0
589,-1685.443423938079,1682.103985402923,-1681.613506887298,3.3394385351562494,0.0,1,1.0988535947269864,0.8411124999999999,9,dqn2_is_aligned,0
590,-2193.0770706788744,2191.6488275892743,-2191.6488275892743,1.4282430895996094,0.0,1,0.7352210104465484,0.840875,5,dqn2_is_aligned,0
591,-1257.685129006958,1231.8143976751712,-1232.0538996282962,25.87073133178711,0.0,1,0.7467746171686385,0.8404475,9,dqn2_is_aligned,0
592,-764.6878887064206,724.191760349487,-724.191760349487,40.496128356933596,0.0,1,0.7450310952133603,0.84002,9,dqn2_is_aligned,0
593,-1011.443257989642,1000.2968523536557,-1000.2968523536557,11.146405635986326,0.0,1,1.1413146419958635,0.8394975,11,dqn2_is_aligned,0
594,-1318.2575785827282,1313.254703521693,-1313.254703521693,5.002875061035156,0.0,1,1.2857574820518494,0.8394025,2,dqn2_is_aligned,0
595,-2187.674623537817,2186.152867893286,-2186.9786735573484,1.5217556445312497,0.0,1,0.7709832563996315,0.8390225,8,dqn2_is_aligned,0
596,-1678.0945843759766,1675.3020872714842,-1675.3020872714842,2.7924971044921874,0.0,1,1.1698040664196014,0.8387375,6,dqn2_is_aligned,0
597,-2502.862548828034,2502.862548828034,-2502.862548828034,0.0,0.0,1,0.5756606459617615,0.8386899999999999,1,dqn2_is_aligned,0
598,-1436.2593644606914,1429.8654986354964,-1436.313923928465,6.393865825195312,0.0,1,0.9770841087613787,0.8383575,7,dqn2_is_aligned,0
599,-1178.3106409912803,1170.4752641461873,-1170.6053910993123,7.835376845092773,0.0,1,0.8338397517800331,0.8379775,8,dqn2_is_aligned,0
