episode,step,t,remaining_inventory,action,exec_price,mid_price,reward,env_reward,is_twap,executed_qty,forced_qty,step_is,hold_penalty,leftover_penalty
0,0,1,500.0,0,nan,99.95887932169568,-2.99876637965087,-0.0,0,0.0,0.0,0.0,2.99876637965087,0.0
0,1,2,500.0,0,nan,100.2,-2.99876637965087,-0.0,0,0.0,0.0,0.0,2.99876637965087,0.0
0,2,3,500.0,0,nan,100.34,-2.99876637965087,-0.0,0,0.0,0.0,0.0,2.99876637965087,0.0
0,3,4,500.0,0,nan,100.41,-2.99876637965087,-0.0,0,0.0,0.0,0.0,2.99876637965087,0.0
0,4,5,500.0,0,nan,100.41,-2.99876637965087,-0.0,0,0.0,0.0,0.0,2.99876637965087,0.0
0,5,6,0.0,1,100.41031635142427,100.44,-14.841824287863403,-14.841824287863403,0,500.0,0.0,14.841824287863403,0.0,0.0
1,0,1,500.0,0,nan,99.79583399371525,-2.9938750198114574,-0.0,0,0.0,0.0,0.0,2.9938750198114574,0.0
1,1,2,0.0,1,99.92615779303271,99.96000000000001,-16.921103483646505,-16.921103483646505,0,500.0,0.0,16.921103483646505,0.0,0.0
2,0,1,500.0,0,nan,99.75154818594366,-2.9925464455783097,-0.0,0,0.0,0.0,0.0,2.9925464455783097,0.0
2,1,2,500.0,0,nan,99.67,-2.9925464455783097,-0.0,0,0.0,0.0,0.0,2.9925464455783097,0.0
2,2,3,0.0,1,99.53875739103057,99.58,-20.62130448471322,-20.62130448471322,0,500.0,0.0,20.62130448471322,0.0,0.0
3,0,1,500.0,0,nan,99.88272921140229,-2.996481876342069,-0.0,0,0.0,0.0,0.0,2.996481876342069,0.0
3,1,2,500.0,0,nan,100.08,-2.996481876342069,-0.0,0,0.0,0.0,0.0,2.996481876342069,0.0
3,2,3,500.0,0,nan,100.16,-2.996481876342069,-0.0,0,0.0,0.0,0.0,2.996481876342069,0.0
3,3,4,0.0,1,100.0925365910788,100.12,-13.731704460603567,-13.731704460603567,0,500.0,0.0,13.731704460603567,0.0,0.0
4,0,1,500.0,0,nan,100.1837081617879,-3.005511244853637,-0.0,0,0.0,0.0,0.0,3.005511244853637,0.0
4,1,2,500.0,0,nan,100.09,-3.005511244853637,-0.0,0,0.0,0.0,0.0,3.005511244853637,0.0
4,2,3,500.0,0,nan,100.05,-3.005511244853637,-0.0,0,0.0,0.0,0.0,3.005511244853637,0.0
4,3,4,500.0,0,nan,99.94,-3.005511244853637,-0.0,0,0.0,0.0,0.0,3.005511244853637,0.0
4,4,5,0.0,1,99.8203179684585,99.85000000000001,-14.841015770755916,-14.841015770755916,0,500.0,0.0,14.841015770755916,0.0,0.0
5,0,1,0.0,1,100.08152895995663,100.11123826319329,-14.854651618328774,-14.854651618328774,0,500.0,0.0,14.854651618328774,0.0,0.0
6,0,1,0.0,1,100.11294106668366,100.14370959629633,-15.384264806336034,-15.384264806336034,0,500.0,0.0,15.384264806336034,0.0,0.0
7,0,1,500.0,0,nan,99.76397645005784,-2.992919293501735,-0.0,0,0.0,0.0,0.0,2.992919293501735,0.0
7,1,2,500.0,0,nan,99.68,-2.992919293501735,-0.0,0,0.0,0.0,0.0,2.992919293501735,0.0
7,2,3,0.0,1,99.5213002183152,99.56,-19.34989084239902,-19.34989084239902,0,500.0,0.0,19.34989084239902,0.0,0.0
8,0,1,0.0,1,99.7543209868738,99.78536904657113,-15.524029848670295,-15.524029848670295,0,500.0,0.0,15.524029848670295,0.0,0.0
9,0,1,0.0,1,100.12422286196856,100.15590311848356,-15.840128257501362,-15.840128257501362,0,500.0,0.0,15.840128257501362,0.0,0.0
10,0,1,500.0,0,nan,99.91900427271197,-2.997570128181359,-0.0,0,0.0,0.0,0.0,2.997570128181359,0.0
10,1,2,0.0,1,99.92148113236618,99.95,-14.259433816910416,-14.259433816910416,0,500.0,0.0,14.259433816910416,0.0,0.0
11,0,1,0.0,1,100.06716287245615,100.1010765486892,-16.956838116527706,-16.956838116527706,0,500.0,0.0,16.956838116527706,0.0,0.0
12,0,1,0.0,1,100.03314356447571,100.06237862209694,-14.617528810617841,-14.617528810617841,0,500.0,0.0,14.617528810617841,0.0,0.0
13,0,1,500.0,0,nan,100.20953021794273,-3.006285906538282,-0.0,0,0.0,0.0,0.0,3.006285906538282,0.0
13,1,2,0.0,1,100.21826240141449,100.25,-15.868799292753977,-15.868799292753977,0,500.0,0.0,15.868799292753977,0.0,0.0
14,0,1,0.0,1,99.69484231611959,99.73205031440332,-18.603999141866723,-18.603999141866723,0,500.0,0.0,18.603999141866723,0.0,0.0
15,0,1,0.0,1,99.7730939796567,99.80465964909155,-15.782834717427363,-15.782834717427363,0,500.0,0.0,15.782834717427363,0.0,0.0
16,0,1,500.0,0,nan,99.99130150182002,-2.9997390450546004,-0.0,0,0.0,0.0,0.0,2.9997390450546004,0.0
16,1,2,0.0,1,99.91783952989634,99.95,-16.080235051830982,-16.080235051830982,0,500.0,0.0,16.080235051830982,0.0,0.0
17,0,1,500.0,0,nan,99.82555147596129,-2.9947665442788387,-0.0,0,0.0,0.0,0.0,2.9947665442788387,0.0
17,1,2,0.0,1,99.57737290024735,99.61,-16.313549876322497,-16.313549876322497,0,500.0,0.0,16.313549876322497,0.0,0.0
18,0,1,0.0,1,99.8816841621719,99.92026029693059,-19.288067379349627,-19.288067379349627,0,500.0,0.0,19.288067379349627,0.0,0.0
19,0,1,0.0,1,100.13499773511288,100.17316947198698,-19.08586843705251,-19.08586843705251,0,500.0,0.0,19.08586843705251,0.0,0.0
20,0,1,0.0,1,100.11131684881835,100.14473216952113,-16.707660351393372,-16.707660351393372,0,500.0,0.0,16.707660351393372,0.0,0.0
21,0,1,0.0,1,99.93567921972758,99.96535043523264,-14.835607752530677,-14.835607752530677,0,500.0,0.0,14.835607752530677,0.0,0.0
22,0,1,500.0,0,nan,99.97522147514734,-2.99925664425442,-0.0,0,0.0,0.0,0.0,2.99925664425442,0.0
22,1,2,500.0,0,nan,100.10000000000001,-2.99925664425442,-0.0,0,0.0,0.0,0.0,2.99925664425442,0.0
22,2,3,500.0,0,nan,100.06,-2.99925664425442,-0.0,0,0.0,0.0,0.0,2.99925664425442,0.0
22,3,4,0.0,1,100.08026791499907,100.11,-14.866042500464971,-14.866042500464971,0,500.0,0.0,14.866042500464971,0.0,0.0
23,0,1,0.0,1,99.8254873517879,99.85451667736636,-14.514662789231636,-14.514662789231636,0,500.0,0.0,14.514662789231636,0.0,0.0
24,0,1,0.0,1,100.05929751832363,100.09106924031934,-15.885860997855161,-15.885860997855161,0,500.0,0.0,15.885860997855161,0.0,0.0
25,0,1,0.0,1,99.96650756283292,99.99616924283636,-14.830840001721413,-14.830840001721413,0,500.0,0.0,14.830840001721413,0.0,0.0
26,0,1,0.0,1,100.06033543988795,100.08832524156226,-13.99490083715449,-13.99490083715449,0,500.0,0.0,13.99490083715449,0.0,0.0
27,0,1,0.0,1,100.35782607875431,100.38610347849458,-14.138699870130722,-14.138699870130722,0,500.0,0.0,14.138699870130722,0.0,0.0
28,0,1,0.0,1,100.14083733656493,100.17251320007585,-15.83793175546333,-15.83793175546333,0,500.0,0.0,15.83793175546333,0.0,0.0
29,0,1,0.0,1,99.93245941056651,99.96052995756295,-14.035273498222978,-14.035273498222978,0,500.0,0.0,14.035273498222978,0.0,0.0
30,0,1,500.0,0,nan,99.80288719655933,-2.9940866158967796,-0.0,0,0.0,0.0,0.0,2.9940866158967796,0.0
30,1,2,500.0,0,nan,99.52,-2.9940866158967796,-0.0,0,0.0,0.0,0.0,2.9940866158967796,0.0
30,2,3,500.0,0,nan,99.49000000000001,-2.9940866158967796,-0.0,0,0.0,0.0,0.0,2.9940866158967796,0.0
30,3,4,500.0,0,nan,99.41,-2.9940866158967796,-0.0,0,0.0,0.0,0.0,2.9940866158967796,0.0
30,4,5,500.0,0,nan,99.25,-2.9940866158967796,-0.0,0,0.0,0.0,0.0,2.9940866158967796,0.0
30,5,6,0.0,1,99.0803047149259,99.11,-14.847642537048955,-14.847642537048955,0,500.0,0.0,14.847642537048955,0.0,0.0
31,0,1,0.0,1,100.00869030322026,100.04038888675866,-15.849291769200136,-15.849291769200136,0,500.0,0.0,15.849291769200136,0.0,0.0
32,0,1,500.0,0,nan,100.02744832202745,-3.0008234496608237,-0.0,0,0.0,0.0,0.0,3.0008234496608237,0.0
32,1,2,0.0,1,100.30079964540178,100.33,-14.600177299108452,-14.600177299108452,0,500.0,0.0,14.600177299108452,0.0,0.0
33,0,1,0.0,1,99.85425707056326,99.88641137397914,-16.077151707939663,-16.077151707939663,0,500.0,0.0,16.077151707939663,0.0,0.0
34,0,1,0.0,1,99.96954568685102,99.99896108146545,-14.707697307215994,-14.707697307215994,0,500.0,0.0,14.707697307215994,0.0,0.0
35,0,1,0.0,1,100.08176724204785,100.11256767937098,-15.400218661568488,-15.400218661568488,0,500.0,0.0,15.400218661568488,0.0,0.0
36,0,1,500.0,0,nan,99.9121705927972,-2.997365117783916,-0.0,0,0.0,0.0,0.0,2.997365117783916,0.0
36,1,2,0.0,1,100.02984492153305,100.06,-15.077539233473658,-15.077539233473658,0,500.0,0.0,15.077539233473658,0.0,0.0
37,0,1,500.0,0,nan,100.04901291666461,-3.001470387499938,-0.0,0,0.0,0.0,0.0,3.001470387499938,0.0
37,1,2,500.0,0,nan,100.07000000000001,-3.001470387499938,-0.0,0,0.0,0.0,0.0,3.001470387499938,0.0
37,2,3,500.0,0,nan,100.13,-3.001470387499938,-0.0,0,0.0,0.0,0.0,3.001470387499938,0.0
37,3,4,500.0,0,nan,100.27,-3.001470387499938,-0.0,0,0.0,0.0,0.0,3.001470387499938,0.0
37,4,5,0.0,1,100.29914850591902,100.33,-15.425747040488602,-15.425747040488602,0,500.0,0.0,15.425747040488602,0.0,0.0
38,0,1,0.0,1,99.98823187069897,100.02029350396444,-16.030816632735423,-16.030816632735423,0,500.0,0.0,16.030816632735423,0.0,0.0
39,0,1,500.0,0,nan,99.95933208895678,-2.9987799626687033,-0.0,0,0.0,0.0,0.0,2.9987799626687033,0.0
39,1,2,0.0,1,100.03376225744447,100.06,-13.118871277768562,-13.118871277768562,0,500.0,0.0,13.118871277768562,0.0,0.0
40,0,1,500.0,0,nan,99.71505297568171,-2.991451589270451,-0.0,0,0.0,0.0,0.0,2.991451589270451,0.0
40,1,2,500.0,0,nan,99.54,-2.991451589270451,-0.0,0,0.0,0.0,0.0,2.991451589270451,0.0
40,2,3,500.0,0,nan,99.44,-2.991451589270451,-0.0,0,0.0,0.0,0.0,2.991451589270451,0.0
40,3,4,0.0,1,99.22162666873743,99.25,-14.186665631285678,-14.186665631285678,0,500.0,0.0,14.186665631285678,0.0,0.0
41,0,1,0.0,1,99.99328541302823,100.02892398184412,-17.819284407941893,-17.819284407941893,0,500.0,0.0,17.819284407941893,0.0,0.0
42,0,1,0.0,1,99.99959078368967,100.0358280637043,-18.11864000731589,-18.11864000731589,0,500.0,0.0,18.11864000731589,0.0,0.0
43,0,1,0.0,1,100.06577520574945,100.10040094294811,-17.312868599333342,-17.312868599333342,0,500.0,0.0,17.312868599333342,0.0,0.0
44,0,1,500.0,0,nan,100.01203821928952,-3.0003611465786855,-0.0,0,0.0,0.0,0.0,3.0003611465786855,0.0
44,1,2,0.0,1,100.00278044454167,100.03,-13.609777729165273,-13.609777729165273,0,500.0,0.0,13.609777729165273,0.0,0.0
45,0,1,500.0,0,nan,99.99042233752888,-2.9997126701258665,-0.0,0,0.0,0.0,0.0,2.9997126701258665,0.0
45,1,2,500.0,0,nan,100.13,-2.9997126701258665,-0.0,0,0.0,0.0,0.0,2.9997126701258665,0.0
45,2,3,0.0,1,100.36664848301642,100.4,-16.675758491793147,-16.675758491793147,0,500.0,0.0,16.675758491793147,0.0,0.0
46,0,1,0.0,1,100.10111813334969,100.1337959695364,-16.338918093353527,-16.338918093353527,0,500.0,0.0,16.338918093353527,0.0,0.0
47,0,1,0.0,1,100.15102463043559,100.18675062429958,-17.862996931995667,-17.862996931995667,0,500.0,0.0,17.862996931995667,0.0,0.0
48,0,1,0.0,1,99.91668375606301,99.95424641791112,-18.78133092405676,-18.78133092405676,0,500.0,0.0,18.78133092405676,0.0,0.0
49,0,1,0.0,1,100.2364328846026,100.26835642896741,-15.96177218240058,-15.96177218240058,0,500.0,0.0,15.96177218240058,0.0,0.0
50,0,1,0.0,1,100.19934273479136,100.23368451847527,-17.17089184195686,-17.17089184195686,0,500.0,0.0,17.17089184195686,0.0,0.0
51,0,1,500.0,0,nan,99.6832343156166,-2.990497029468498,-0.0,0,0.0,0.0,0.0,2.990497029468498,0.0
51,1,2,0.0,1,99.80186347272235,99.83,-14.068263638826295,-14.068263638826295,0,500.0,0.0,14.068263638826295,0.0,0.0
52,0,1,500.0,0,nan,100.2882581758757,-3.0086477452762708,-0.0,0,0.0,0.0,0.0,3.0086477452762708,0.0
52,1,2,0.0,1,100.29364442890268,100.33,-18.177785548658676,-18.177785548658676,0,500.0,0.0,18.177785548658676,0.0,0.0
53,0,1,500.0,0,nan,100.12174388795145,-3.0036523166385436,-0.0,0,0.0,0.0,0.0,3.0036523166385436,0.0
53,1,2,0.0,1,100.1513389665085,100.18,-14.330516745751254,-14.330516745751254,0,500.0,0.0,14.330516745751254,0.0,0.0
54,0,1,0.0,1,99.88213887110511,99.91498543458059,-16.423281737736772,-16.423281737736772,0,500.0,0.0,16.423281737736772,0.0,0.0
55,0,1,500.0,0,nan,99.92959869622337,-2.997887960886701,-0.0,0,0.0,0.0,0.0,2.997887960886701,0.0
55,1,2,500.0,0,nan,99.60000000000001,-2.997887960886701,-0.0,0,0.0,0.0,0.0,2.997887960886701,0.0
55,2,3,0.0,1,99.53977090938922,99.57000000000001,-15.114545305394245,-15.114545305394245,0,500.0,0.0,15.114545305394245,0.0,0.0
56,0,1,0.0,1,99.72096974524942,99.75103366581608,-15.031960283330648,-15.031960283330648,0,500.0,0.0,15.031960283330648,0.0,0.0
57,0,1,500.0,0,nan,99.7845192200303,-2.993535576600909,-0.0,0,0.0,0.0,0.0,2.993535576600909,0.0
57,1,2,0.0,1,99.85042966003179,99.88,-14.785169984101287,-14.785169984101287,0,500.0,0.0,14.785169984101287,0.0,0.0
58,0,1,0.0,1,100.150869993756,100.18610230374298,-17.61615499349034,-17.61615499349034,0,500.0,0.0,17.61615499349034,0.0,0.0
59,0,1,0.0,1,99.89303965509265,99.9260927154109,-16.526530159126196,-16.526530159126196,0,500.0,0.0,16.526530159126196,0.0,0.0
60,0,1,500.0,0,nan,99.98316330328988,-2.9994948990986963,-0.0,0,0.0,0.0,0.0,2.9994948990986963,0.0
60,1,2,500.0,0,nan,100.17,-2.9994948990986963,-0.0,0,0.0,0.0,0.0,2.9994948990986963,0.0
60,2,3,500.0,0,nan,100.41,-2.9994948990986963,-0.0,0,0.0,0.0,0.0,2.9994948990986963,0.0
60,3,4,0.0,1,100.53118265335404,100.56,-14.408673322982679,-14.408673322982679,0,500.0,0.0,14.408673322982679,0.0,0.0
61,0,1,500.0,0,nan,100.10657179035363,-3.003197153710609,-0.0,0,0.0,0.0,0.0,3.003197153710609,0.0
61,1,2,0.0,1,99.99491231769633,100.03,-17.543841151834272,-17.543841151834272,0,500.0,0.0,17.543841151834272,0.0,0.0
62,0,1,500.0,0,nan,100.39925554846442,-3.011977666453933,-0.0,0,0.0,0.0,0.0,3.011977666453933,0.0
62,1,2,0.0,1,100.22140545315828,100.25,-14.297273420858403,-14.297273420858403,0,500.0,0.0,14.297273420858403,0.0,0.0
63,0,1,0.0,1,100.10547511759445,100.1359518622168,-15.238372311173976,-15.238372311173976,0,500.0,0.0,15.238372311173976,0.0,0.0
64,0,1,500.0,0,nan,99.98348508985337,-2.9995045526956012,-0.0,0,0.0,0.0,0.0,2.9995045526956012,0.0
64,1,2,500.0,0,nan,99.99000000000001,-2.9995045526956012,-0.0,0,0.0,0.0,0.0,2.9995045526956012,0.0
64,2,3,0.0,1,100.06227982197262,100.09,-13.860089013689958,-13.860089013689958,0,500.0,0.0,13.860089013689958,0.0,0.0
65,0,1,0.0,1,100.05220069162272,100.08785403090997,-17.826669643625337,-17.826669643625337,0,500.0,0.0,17.826669643625337,0.0,0.0
66,0,1,500.0,0,nan,99.94275845417177,-2.998282753625153,-0.0,0,0.0,0.0,0.0,2.998282753625153,0.0
66,1,2,0.0,1,99.95814017512662,99.99000000000001,-15.929912436696725,-15.929912436696725,0,500.0,0.0,15.929912436696725,0.0,0.0
67,0,1,500.0,0,nan,100.11051731576907,-3.0033155194730723,-0.0,0,0.0,0.0,0.0,3.0033155194730723,0.0
67,1,2,0.0,1,99.98193180299924,100.01,-14.034098500381731,-14.034098500381731,0,500.0,0.0,14.034098500381731,0.0,0.0
68,0,1,0.0,1,100.03197599530051,100.06092863573004,-14.476320214761529,-14.476320214761529,0,500.0,0.0,14.476320214761529,0.0,0.0
69,0,1,0.0,1,100.11913867066248,100.1470228149551,-13.942072146306828,-13.942072146306828,0,500.0,0.0,13.942072146306828,0.0,0.0
70,0,1,500.0,0,nan,100.39816910345951,-3.011945073103785,-0.0,0,0.0,0.0,0.0,3.011945073103785,0.0
70,1,2,500.0,0,nan,100.36,-3.011945073103785,-0.0,0,0.0,0.0,0.0,3.011945073103785,0.0
70,2,3,500.0,0,nan,100.26,-3.011945073103785,-0.0,0,0.0,0.0,0.0,3.011945073103785,0.0
70,3,4,500.0,0,nan,100.11,-3.011945073103785,-0.0,0,0.0,0.0,0.0,3.011945073103785,0.0
70,4,5,0.0,1,99.9457404836394,99.98,-17.129758180303156,-17.129758180303156,0,500.0,0.0,17.129758180303156,0.0,0.0
71,0,1,500.0,0,nan,99.94275651217025,-2.9982826953651074,-0.0,0,0.0,0.0,0.0,2.9982826953651074,0.0
71,1,2,0.0,1,100.0908911484206,100.13,-19.554425789699792,-19.554425789699792,0,500.0,0.0,19.554425789699792,0.0,0.0
72,0,1,500.0,0,nan,100.06150270669526,-3.001845081200858,-0.0,0,0.0,0.0,0.0,3.001845081200858,0.0
72,1,2,0.0,1,99.93199453951284,99.96000000000001,-14.002730243582562,-14.002730243582562,0,500.0,0.0,14.002730243582562,0.0,0.0
73,0,1,500.0,0,nan,99.91295132134188,-2.9973885396402564,-0.0,0,0.0,0.0,0.0,2.9973885396402564,0.0
73,1,2,0.0,1,100.0085784494735,100.04,-15.710775263251264,-15.710775263251264,0,500.0,0.0,15.710775263251264,0.0,0.0
74,0,1,0.0,1,99.86163791397112,99.89214713459614,-15.254610312510408,-15.254610312510408,0,500.0,0.0,15.254610312510408,0.0,0.0
75,0,1,500.0,0,nan,100.16626088342124,-3.0049878265026373,-0.0,0,0.0,0.0,0.0,3.0049878265026373,0.0
75,1,2,0.0,1,100.19793940168199,100.23,-16.03029915900578,-16.03029915900578,0,500.0,0.0,16.03029915900578,0.0,0.0
76,0,1,0.0,1,99.96432189311423,99.99391468741835,-14.796397152061047,-14.796397152061047,0,500.0,0.0,14.796397152061047,0.0,0.0
77,0,1,0.0,1,99.61212107908598,99.64490802892028,-16.393474917151707,-16.393474917151707,0,500.0,0.0,16.393474917151707,0.0,0.0
78,0,1,500.0,0,nan,99.8606911463281,-2.995820734389843,-0.0,0,0.0,0.0,0.0,2.995820734389843,0.0
78,1,2,500.0,0,nan,100.0,-2.995820734389843,-0.0,0,0.0,0.0,0.0,2.995820734389843,0.0
78,2,3,500.0,0,nan,100.0,-2.995820734389843,-0.0,0,0.0,0.0,0.0,2.995820734389843,0.0
78,3,4,500.0,0,nan,100.0,-2.995820734389843,-0.0,0,0.0,0.0,0.0,2.995820734389843,0.0
78,4,5,500.0,0,nan,100.06,-2.995820734389843,-0.0,0,0.0,0.0,0.0,2.995820734389843,0.0
78,5,6,0.0,1,100.08834364970794,100.12,-15.82817514603363,-15.82817514603363,0,500.0,0.0,15.82817514603363,0.0,0.0
79,0,1,0.0,1,100.06955056143285,100.1006205720551,-15.535005311129169,-15.535005311129169,0,500.0,0.0,15.535005311129169,0.0,0.0
80,0,1,500.0,0,nan,100.07240654154295,-3.0021721962462884,-0.0,0,0.0,0.0,0.0,3.0021721962462884,0.0
80,1,2,0.0,1,100.17596826510196,100.21000000000001,-17.01586744902528,-17.01586744902528,0,500.0,0.0,17.01586744902528,0.0,0.0
81,0,1,0.0,1,99.81125894565136,99.84122119360835,-14.981123978493827,-14.981123978493827,0,500.0,0.0,14.981123978493827,0.0,0.0
82,0,1,0.0,1,100.1322963388857,100.16126193293933,-14.48279702681532,-14.48279702681532,0,500.0,0.0,14.48279702681532,0.0,0.0
83,0,1,0.0,1,99.95330070983154,99.98360636202683,-15.152826097647676,-15.152826097647676,0,500.0,0.0,15.152826097647676,0.0,0.0
84,0,1,0.0,1,99.77421128075487,99.80318136483805,-14.485042041592067,-14.485042041592067,0,500.0,0.0,14.485042041592067,0.0,0.0
85,0,1,500.0,0,nan,99.79762321151566,-2.9939286963454697,-0.0,0,0.0,0.0,0.0,2.9939286963454697,0.0
85,1,2,500.0,0,nan,99.65,-2.9939286963454697,-0.0,0,0.0,0.0,0.0,2.9939286963454697,0.0
85,2,3,0.0,1,99.56234075888717,99.59,-13.829620556414568,-13.829620556414568,0,500.0,0.0,13.829620556414568,0.0,0.0
86,0,1,500.0,0,nan,100.17679992861954,-3.005303997858586,-0.0,0,0.0,0.0,0.0,3.005303997858586,0.0
86,1,2,0.0,1,100.31010890282738,100.34,-14.945548586311475,-14.945548586311475,0,500.0,0.0,14.945548586311475,0.0,0.0
87,0,1,0.0,1,99.87190589421218,99.900526714629,-14.310410208409508,-14.310410208409508,0,500.0,0.0,14.310410208409508,0.0,0.0
88,0,1,0.0,1,100.28941626932668,100.31694536380911,-13.764547241216007,-13.764547241216007,0,500.0,0.0,13.764547241216007,0.0,0.0
89,0,1,500.0,0,nan,99.87690162787354,-2.996307048836206,-0.0,0,0.0,0.0,0.0,2.996307048836206,0.0
89,1,2,500.0,0,nan,100.09,-2.996307048836206,-0.0,0,0.0,0.0,0.0,2.996307048836206,0.0
89,2,3,500.0,0,nan,100.23,-2.996307048836206,-0.0,0,0.0,0.0,0.0,2.996307048836206,0.0
89,3,4,0.0,1,100.3304590998984,100.36,-14.770450050797024,-14.770450050797024,0,500.0,0.0,14.770450050797024,0.0,0.0
90,0,1,500.0,0,nan,99.93611424914151,-2.998083427474245,-0.0,0,0.0,0.0,0.0,2.998083427474245,0.0
90,1,2,500.0,0,nan,99.71000000000001,-2.998083427474245,-0.0,0,0.0,0.0,0.0,2.998083427474245,0.0
90,2,3,500.0,0,nan,99.54,-2.998083427474245,-0.0,0,0.0,0.0,0.0,2.998083427474245,0.0
90,3,4,0.0,1,99.37242977593775,99.4,-13.785112031129643,-13.785112031129643,0,500.0,0.0,13.785112031129643,0.0,0.0
91,0,1,0.0,1,100.05475266607733,100.08407897580625,-14.663154864457795,-14.663154864457795,0,500.0,0.0,14.663154864457795,0.0,0.0
92,0,1,0.0,1,99.97647020186062,100.00757725944621,-15.553528792793259,-15.553528792793259,0,500.0,0.0,15.553528792793259,0.0,0.0
93,0,1,0.0,1,100.08752432775228,100.11712811038376,-14.8018913157415,-14.8018913157415,0,500.0,0.0,14.8018913157415,0.0,0.0
94,0,1,500.0,0,nan,100.09049526203873,-3.0027148578611618,-0.0,0,0.0,0.0,0.0,3.0027148578611618,0.0
94,1,2,500.0,0,nan,100.07000000000001,-3.0027148578611618,-0.0,0,0.0,0.0,0.0,3.0027148578611618,0.0
94,2,3,500.0,0,nan,99.82000000000001,-3.0027148578611618,-0.0,0,0.0,0.0,0.0,3.0027148578611618,0.0
94,3,4,0.0,1,99.8212241986871,99.85000000000001,-14.38790065645179,-14.38790065645179,0,500.0,0.0,14.38790065645179,0.0,0.0
95,0,1,0.0,1,100.10846865152776,100.14333108380436,-17.431216138298566,-17.431216138298566,0,500.0,0.0,17.431216138298566,0.0,0.0
96,0,1,500.0,0,nan,100.09722286690146,-3.0029166860070435,-0.0,0,0.0,0.0,0.0,3.0029166860070435,0.0
96,1,2,0.0,1,100.09072517215627,100.13,-19.637413921863356,-19.637413921863356,0,500.0,0.0,19.637413921863356,0.0,0.0
97,0,1,500.0,0,nan,99.90663149119459,-2.9971989447358376,-0.0,0,0.0,0.0,0.0,2.9971989447358376,0.0
97,1,2,0.0,1,100.00354022370855,100.03,-13.229888145723123,-13.229888145723123,0,500.0,0.0,13.229888145723123,0.0,0.0
98,0,1,500.0,0,nan,100.29820168043318,-3.0089460504129955,-0.0,0,0.0,0.0,0.0,3.0089460504129955,0.0
98,1,2,500.0,0,nan,100.27,-3.0089460504129955,-0.0,0,0.0,0.0,0.0,3.0089460504129955,0.0
98,2,3,0.0,1,100.19407276213147,100.22,-12.963618934264787,-12.963618934264787,0,500.0,0.0,12.963618934264787,0.0,0.0
99,0,1,0.0,1,100.04612736396155,100.07381864618318,-13.845641110819429,-13.845641110819429,0,500.0,0.0,13.845641110819429,0.0,0.0
100,0,1,500.0,0,nan,99.99337630090325,-2.9998012890270975,-0.0,0,0.0,0.0,0.0,2.9998012890270975,0.0
100,1,2,0.0,1,99.96277980793056,99.99000000000001,-13.610096034724961,-13.610096034724961,0,500.0,0.0,13.610096034724961,0.0,0.0
101,0,1,500.0,0,nan,100.30200148014,-3.0090600444042,-0.0,0,0.0,0.0,0.0,3.0090600444042,0.0
101,1,2,0.0,1,100.10151607697804,100.13,-14.241961510975898,-14.241961510975898,0,500.0,0.0,14.241961510975898,0.0,0.0
102,0,1,0.0,1,99.96778203504186,100.00011994554787,-16.16895525300066,-16.16895525300066,0,500.0,0.0,16.16895525300066,0.0,0.0
103,0,1,0.0,1,100.15858342412473,100.18578742770647,-13.60200179087201,-13.60200179087201,0,500.0,0.0,13.60200179087201,0.0,0.0
104,0,1,500.0,0,nan,100.01884568113859,-3.0005653704341575,-0.0,0,0.0,0.0,0.0,3.0005653704341575,0.0
104,1,2,0.0,1,99.93945364215072,99.97,-15.27317892463742,-15.27317892463742,0,500.0,0.0,15.27317892463742,0.0,0.0
105,0,1,500.0,0,nan,99.9134745751806,-2.997404237255418,-0.0,0,0.0,0.0,0.0,2.997404237255418,0.0
105,1,2,0.0,1,99.78169142431429,99.81,-14.154287842856661,-14.154287842856661,0,500.0,0.0,14.154287842856661,0.0,0.0
106,0,1,0.0,1,99.95217897916567,99.99110388150714,-19.46245117073886,-19.46245117073886,0,500.0,0.0,19.46245117073886,0.0,0.0
107,0,1,500.0,0,nan,99.86610176406474,-2.9959830529219422,-0.0,0,0.0,0.0,0.0,2.9959830529219422,0.0
107,1,2,500.0,0,nan,99.76,-2.9959830529219422,-0.0,0,0.0,0.0,0.0,2.9959830529219422,0.0
107,2,3,0.0,1,99.68138264390903,99.71000000000001,-14.308678045487966,-14.308678045487966,0,500.0,0.0,14.308678045487966,0.0,0.0
108,0,1,500.0,0,nan,99.89112637788821,-2.9967337913366463,-0.0,0,0.0,0.0,0.0,2.9967337913366463,0.0
108,1,2,0.0,1,99.92793214599908,99.96000000000001,-16.033927000464132,-16.033927000464132,0,500.0,0.0,16.033927000464132,0.0,0.0
109,0,1,500.0,0,nan,100.14476292137881,-3.0043428876413643,-0.0,0,0.0,0.0,0.0,3.0043428876413643,0.0
109,1,2,500.0,0,nan,99.96000000000001,-3.0043428876413643,-0.0,0,0.0,0.0,0.0,3.0043428876413643,0.0
109,2,3,0.0,1,99.89838319438827,99.93,-15.808402805866706,-15.808402805866706,0,500.0,0.0,15.808402805866706,0.0,0.0
110,0,1,500.0,0,nan,99.79712815560458,-2.9939138446681373,-0.0,0,0.0,0.0,0.0,2.9939138446681373,0.0
110,1,2,500.0,0,nan,99.74000000000001,-2.9939138446681373,-0.0,0,0.0,0.0,0.0,2.9939138446681373,0.0
110,2,3,0.0,1,99.63081371172983,99.66,-14.593144135083946,-14.593144135083946,0,500.0,0.0,14.593144135083946,0.0,0.0
111,0,1,500.0,0,nan,100.01752150455357,-3.000525645136607,-0.0,0,0.0,0.0,0.0,3.000525645136607,0.0
111,1,2,0.0,1,99.89915768458128,99.93,-15.421157709361921,-15.421157709361921,0,500.0,0.0,15.421157709361921,0.0,0.0
112,0,1,500.0,0,nan,99.87508093397842,-2.9962524280193525,-0.0,0,0.0,0.0,0.0,2.9962524280193525,0.0
112,1,2,0.0,1,99.74711115975873,99.78,-16.444420120635073,-16.444420120635073,0,500.0,0.0,16.444420120635073,0.0,0.0
113,0,1,0.0,1,99.97332786076709,100.00507217742751,-15.87215833021105,-15.87215833021105,0,500.0,0.0,15.87215833021105,0.0,0.0
114,0,1,500.0,0,nan,100.03898827696942,-3.0011696483090824,-0.0,0,0.0,0.0,0.0,3.0011696483090824,0.0
114,1,2,500.0,0,nan,99.91,-3.0011696483090824,-0.0,0,0.0,0.0,0.0,3.0011696483090824,0.0
114,2,3,0.0,1,99.63782300207461,99.67,-16.08849896269504,-16.08849896269504,0,500.0,0.0,16.08849896269504,0.0,0.0
115,0,1,0.0,1,99.97039911571186,100.00328214115488,-16.441512721513618,-16.441512721513618,0,500.0,0.0,16.441512721513618,0.0,0.0
116,0,1,500.0,0,nan,100.19318878919339,-3.0057956636758014,-0.0,0,0.0,0.0,0.0,3.0057956636758014,0.0
116,1,2,500.0,0,nan,100.11,-3.0057956636758014,-0.0,0,0.0,0.0,0.0,3.0057956636758014,0.0
116,2,3,0.0,1,100.04164289823271,100.07000000000001,-14.178550883649166,-14.178550883649166,0,500.0,0.0,14.178550883649166,0.0,0.0
117,0,1,0.0,1,99.79969217577958,99.83341499555219,-16.861409886303136,-16.861409886303136,0,500.0,0.0,16.861409886303136,0.0,0.0
118,0,1,0.0,1,99.9433564218614,99.97044143984606,-13.542508992330227,-13.542508992330227,0,500.0,0.0,13.542508992330227,0.0,0.0
119,0,1,0.0,1,100.31671077024117,100.34845500271837,-15.8721162385973,-15.8721162385973,0,500.0,0.0,15.8721162385973,0.0,0.0
120,0,1,500.0,0,nan,100.06877410611462,-3.0020632231834385,-0.0,0,0.0,0.0,0.0,3.0020632231834385,0.0
120,1,2,0.0,1,100.03138006525964,100.06,-14.309967370181198,-14.309967370181198,0,500.0,0.0,14.309967370181198,0.0,0.0
121,0,1,500.0,0,nan,99.87725203025381,-2.9963175609076145,-0.0,0,0.0,0.0,0.0,2.9963175609076145,0.0
121,1,2,0.0,1,100.07190033750659,100.10000000000001,-14.049831246708777,-14.049831246708777,0,500.0,0.0,14.049831246708777,0.0,0.0
122,0,1,0.0,1,99.91962179212904,99.94985032757168,-15.11426772132296,-15.11426772132296,0,500.0,0.0,15.11426772132296,0.0,0.0
123,0,1,0.0,1,99.86085373757187,99.88810599098798,-13.626126708054187,-13.626126708054187,0,500.0,0.0,13.626126708054187,0.0,0.0
124,0,1,500.0,0,nan,99.90874154417236,-2.9972622463251706,-0.0,0,0.0,0.0,0.0,2.9972622463251706,0.0
124,1,2,500.0,0,nan,99.88,-2.9972622463251706,-0.0,0,0.0,0.0,0.0,2.9972622463251706,0.0
124,2,3,500.0,0,nan,99.62,-2.9972622463251706,-0.0,0,0.0,0.0,0.0,2.9972622463251706,0.0
124,3,4,500.0,0,nan,99.25,-2.9972622463251706,-0.0,0,0.0,0.0,0.0,2.9972622463251706,0.0
124,4,5,0.0,1,99.10212092205731,99.13,-13.939538971342813,-13.939538971342813,0,500.0,0.0,13.939538971342813,0.0,0.0
125,0,1,500.0,0,nan,99.75023943671955,-2.9925071831015866,-0.0,0,0.0,0.0,0.0,2.9925071831015866,0.0
125,1,2,500.0,0,nan,99.8,-2.9925071831015866,-0.0,0,0.0,0.0,0.0,2.9925071831015866,0.0
125,2,3,0.0,1,100.01074040272914,100.04,-14.629798635432678,-14.629798635432678,0,500.0,0.0,14.629798635432678,0.0,0.0
126,0,1,500.0,0,nan,99.8342867199613,-2.9950286015988388,-0.0,0,0.0,0.0,0.0,2.9950286015988388,0.0
126,1,2,0.0,1,99.73670551046992,99.77,-16.647244765039204,-16.647244765039204,0,500.0,0.0,16.647244765039204,0.0,0.0
127,0,1,0.0,1,100.03292745531398,100.06235382644289,-14.713185564453113,-14.713185564453113,0,500.0,0.0,14.713185564453113,0.0,0.0
128,0,1,500.0,0,nan,99.97390367919078,-2.9992171103757235,-0.0,0,0.0,0.0,0.0,2.9992171103757235,0.0
128,1,2,0.0,1,99.81550947818292,99.85000000000001,-17.24526090854539,-17.24526090854539,0,500.0,0.0,17.24526090854539,0.0,0.0
129,0,1,0.0,1,100.17409895399672,100.21082594401783,-18.36349501055423,-18.36349501055423,0,500.0,0.0,18.36349501055423,0.0,0.0
130,0,1,500.0,0,nan,99.90597235888694,-2.997179170766608,-0.0,0,0.0,0.0,0.0,2.997179170766608,0.0
130,1,2,0.0,1,99.68367825872468,99.72,-18.160870637657922,-18.160870637657922,0,500.0,0.0,18.160870637657922,0.0,0.0
131,0,1,500.0,0,nan,99.79513619826717,-2.993854085948015,-0.0,0,0.0,0.0,0.0,2.993854085948015,0.0
131,1,2,0.0,1,99.8954672062446,99.93,-17.266396877701595,-17.266396877701595,0,500.0,0.0,17.266396877701595,0.0,0.0
132,0,1,500.0,0,nan,99.95997698588323,-2.998799309576497,-0.0,0,0.0,0.0,0.0,2.998799309576497,0.0
132,1,2,0.0,1,99.5760974768863,99.61,-16.951261556847896,-16.951261556847896,0,500.0,0.0,16.951261556847896,0.0,0.0
133,0,1,0.0,1,99.78510819115353,99.82276963714448,-18.830722995474503,-18.830722995474503,0,500.0,0.0,18.830722995474503,0.0,0.0
134,0,1,500.0,0,nan,99.99664214310098,-2.9998992642930293,-0.0,0,0.0,0.0,0.0,2.9998992642930293,0.0
134,1,2,500.0,0,nan,100.0,-2.9998992642930293,-0.0,0,0.0,0.0,0.0,2.9998992642930293,0.0
134,2,3,0.0,1,99.97430526944456,100.01,-17.847365277724236,-17.847365277724236,0,500.0,0.0,17.847365277724236,0.0,0.0
135,0,1,500.0,0,nan,99.9677811368738,-2.999033434106214,-0.0,0,0.0,0.0,0.0,2.999033434106214,0.0
135,1,2,500.0,0,nan,99.82000000000001,-2.999033434106214,-0.0,0,0.0,0.0,0.0,2.999033434106214,0.0
135,2,3,0.0,1,99.56298939946811,99.59,-13.50530026594754,-13.50530026594754,0,500.0,0.0,13.50530026594754,0.0,0.0
136,0,1,0.0,1,99.97959388539047,100.00778457264418,-14.09534362685605,-14.09534362685605,0,500.0,0.0,14.09534362685605,0.0,0.0
137,0,1,0.0,1,99.93717950372744,99.96726499529038,-15.042745781471467,-15.042745781471467,0,500.0,0.0,15.042745781471467,0.0,0.0
138,0,1,500.0,0,nan,99.68383139565151,-2.990514941869545,-0.0,0,0.0,0.0,0.0,2.990514941869545,0.0
138,1,2,500.0,0,nan,99.82000000000001,-2.990514941869545,-0.0,0,0.0,0.0,0.0,2.990514941869545,0.0
138,2,3,500.0,0,nan,99.88,-2.990514941869545,-0.0,0,0.0,0.0,0.0,2.990514941869545,0.0
138,3,4,0.0,1,99.88879466421474,99.92,-15.60266789262954,-15.60266789262954,0,500.0,0.0,15.60266789262954,0.0,0.0
139,0,1,500.0,0,nan,99.9438822539971,-2.998316467619913,-0.0,0,0.0,0.0,0.0,2.998316467619913,0.0
139,1,2,0.0,1,99.89762242558398,99.93,-16.188787208015754,-16.188787208015754,0,500.0,0.0,16.188787208015754,0.0,0.0
140,0,1,500.0,0,nan,100.01070118093398,-3.000321035428019,-0.0,0,0.0,0.0,0.0,3.000321035428019,0.0
140,1,2,500.0,0,nan,99.88,-3.000321035428019,-0.0,0,0.0,0.0,0.0,3.000321035428019,0.0
140,2,3,0.0,1,99.78234522169986,99.82000000000001,-18.827389150075646,-18.827389150075646,0,500.0,0.0,18.827389150075646,0.0,0.0
141,0,1,500.0,0,nan,100.35036352519246,-3.010510905755774,-0.0,0,0.0,0.0,0.0,3.010510905755774,0.0
141,1,2,0.0,1,99.9197874509288,99.95,-15.106274535604314,-15.106274535604314,0,500.0,0.0,15.106274535604314,0.0,0.0
142,0,1,500.0,0,nan,99.89047962211455,-2.9967143886634364,-0.0,0,0.0,0.0,0.0,2.9967143886634364,0.0
142,1,2,500.0,0,nan,99.87,-2.9967143886634364,-0.0,0,0.0,0.0,0.0,2.9967143886634364,0.0
142,2,3,0.0,1,99.6379483047658,99.67,-16.025847617100908,-16.025847617100908,0,500.0,0.0,16.025847617100908,0.0,0.0
143,0,1,500.0,0,nan,100.06343350206312,-3.0019030050618936,-0.0,0,0.0,0.0,0.0,3.0019030050618936,0.0
143,1,2,0.0,1,100.28118689217335,100.31,-14.406553913325126,-14.406553913325126,0,500.0,0.0,14.406553913325126,0.0,0.0
144,0,1,0.0,1,99.79571821354303,99.83044283414557,-17.362310301273,-17.362310301273,0,500.0,0.0,17.362310301273,0.0,0.0
145,0,1,0.0,1,99.8545381827986,99.88249260138514,-13.977209293265958,-13.977209293265958,0,500.0,0.0,13.977209293265958,0.0,0.0
146,0,1,500.0,0,nan,100.09820340813853,-3.002946102244156,-0.0,0,0.0,0.0,0.0,3.002946102244156,0.0
146,1,2,500.0,0,nan,100.33,-3.002946102244156,-0.0,0,0.0,0.0,0.0,3.002946102244156,0.0
146,2,3,0.0,1,100.49946105275994,100.53,-15.269473620030283,-15.269473620030283,0,500.0,0.0,15.269473620030283,0.0,0.0
147,0,1,0.0,1,99.99291313129878,100.02725491648665,-17.170892593938447,-17.170892593938447,0,500.0,0.0,17.170892593938447,0.0,0.0
148,0,1,500.0,0,nan,99.93774582885831,-2.998132374865749,-0.0,0,0.0,0.0,0.0,2.998132374865749,0.0
148,1,2,500.0,0,nan,99.89,-2.998132374865749,-0.0,0,0.0,0.0,0.0,2.998132374865749,0.0
148,2,3,500.0,0,nan,99.62,-2.998132374865749,-0.0,0,0.0,0.0,0.0,2.998132374865749,0.0
148,3,4,0.0,1,99.42406910878056,99.45,-12.965445609722792,-12.965445609722792,0,500.0,0.0,12.965445609722792,0.0,0.0
149,0,1,500.0,0,nan,99.84188849811211,-2.9952566549433635,-0.0,0,0.0,0.0,0.0,2.9952566549433635,0.0
149,1,2,0.0,1,100.08613845200894,100.12,-16.93077399553289,-16.93077399553289,0,500.0,0.0,16.93077399553289,0.0,0.0
150,0,1,500.0,0,nan,99.96129266385859,-2.9988387799157574,-0.0,0,0.0,0.0,0.0,2.9988387799157574,0.0
150,1,2,500.0,0,nan,99.88,-2.9988387799157574,-0.0,0,0.0,0.0,0.0,2.9988387799157574,0.0
150,2,3,500.0,0,nan,99.72,-2.9988387799157574,-0.0,0,0.0,0.0,0.0,2.9988387799157574,0.0
150,3,4,0.0,1,99.59372642387193,99.62,-13.136788064038285,-13.136788064038285,0,500.0,0.0,13.136788064038285,0.0,0.0
151,0,1,500.0,0,nan,99.7839545217208,-2.993518635651624,-0.0,0,0.0,0.0,0.0,2.993518635651624,0.0
151,1,2,0.0,1,99.59059566582569,99.62,-14.702167087158102,-14.702167087158102,0,500.0,0.0,14.702167087158102,0.0,0.0
152,0,1,0.0,1,100.08647067322768,100.1162800103194,-14.904668545860034,-14.904668545860034,0,500.0,0.0,14.904668545860034,0.0,0.0
153,0,1,500.0,0,nan,99.8574666152961,-2.995723998458883,-0.0,0,0.0,0.0,0.0,2.995723998458883,0.0
153,1,2,0.0,1,99.72716089529531,99.76,-16.419552352346045,-16.419552352346045,0,500.0,0.0,16.419552352346045,0.0,0.0
154,0,1,0.0,1,100.17600479331483,100.20323617314324,-13.6156899142037,-13.6156899142037,0,500.0,0.0,13.6156899142037,0.0,0.0
155,0,1,0.0,1,100.0090945421438,100.04301884312576,-16.962150490982708,-16.962150490982708,0,500.0,0.0,16.962150490982708,0.0,0.0
156,0,1,500.0,0,nan,100.13883326388928,-3.0041649979166785,-0.0,0,0.0,0.0,0.0,3.0041649979166785,0.0
156,1,2,500.0,0,nan,100.14,-3.0041649979166785,-0.0,0,0.0,0.0,0.0,3.0041649979166785,0.0
156,2,3,500.0,0,nan,100.0,-3.0041649979166785,-0.0,0,0.0,0.0,0.0,3.0041649979166785,0.0
156,3,4,500.0,0,nan,99.81,-3.0041649979166785,-0.0,0,0.0,0.0,0.0,3.0041649979166785,0.0
156,4,5,0.0,1,99.7773867839576,99.81,-16.306608021203317,-16.306608021203317,0,500.0,0.0,16.306608021203317,0.0,0.0
157,0,1,500.0,0,nan,99.73850531045156,-2.9921551593135467,-0.0,0,0.0,0.0,0.0,2.9921551593135467,0.0
157,1,2,0.0,1,99.78294720479535,99.82000000000001,-18.526397602329325,-18.526397602329325,0,500.0,0.0,18.526397602329325,0.0,0.0
158,0,1,0.0,1,99.97982289755944,100.01023665319518,-15.206877817867337,-15.206877817867337,0,500.0,0.0,15.206877817867337,0.0,0.0
159,0,1,500.0,0,nan,100.19075241255936,-3.0057225723767806,-0.0,0,0.0,0.0,0.0,3.0057225723767806,0.0
159,1,2,0.0,1,100.27028368191642,100.3,-14.858159041786223,-14.858159041786223,0,500.0,0.0,14.858159041786223,0.0,0.0
160,0,1,0.0,1,100.08175602895312,100.11380116782556,-16.022569436216827,-16.022569436216827,0,500.0,0.0,16.022569436216827,0.0,0.0
161,0,1,500.0,0,nan,99.94785099486543,-2.998435529845963,-0.0,0,0.0,0.0,0.0,2.998435529845963,0.0
161,1,2,0.0,1,99.66077117152912,99.7,-19.614414235441302,-19.614414235441302,0,500.0,0.0,19.614414235441302,0.0,0.0
162,0,1,500.0,0,nan,100.23819288179061,-3.007145786453718,-0.0,0,0.0,0.0,0.0,3.007145786453718,0.0
162,1,2,0.0,1,100.18921397778772,100.22,-15.39301110614133,-15.39301110614133,0,500.0,0.0,15.39301110614133,0.0,0.0
163,0,1,0.0,1,99.84633628889252,99.88561819451355,-19.640952810519252,-19.640952810519252,0,500.0,0.0,19.640952810519252,0.0,0.0
164,0,1,0.0,1,100.04529730437883,100.07366661557056,-14.184655595862239,-14.184655595862239,0,500.0,0.0,14.184655595862239,0.0,0.0
165,0,1,500.0,0,nan,100.16163305851076,-3.0048489917553227,-0.0,0,0.0,0.0,0.0,3.0048489917553227,0.0
165,1,2,500.0,0,nan,100.11,-3.0048489917553227,-0.0,0,0.0,0.0,0.0,3.0048489917553227,0.0
165,2,3,500.0,0,nan,100.11,-3.0048489917553227,-0.0,0,0.0,0.0,0.0,3.0048489917553227,0.0
165,3,4,500.0,0,nan,99.89,-3.0048489917553227,-0.0,0,0.0,0.0,0.0,3.0048489917553227,0.0
165,4,5,500.0,0,nan,99.76,-3.0048489917553227,-0.0,0,0.0,0.0,0.0,3.0048489917553227,0.0
165,5,6,500.0,0,nan,99.75,-3.0048489917553227,-0.0,0,0.0,0.0,0.0,3.0048489917553227,0.0
165,6,7,0.0,1,99.52197256787527,99.55,-14.013716062365233,-14.013716062365233,0,500.0,0.0,14.013716062365233,0.0,0.0
166,0,1,500.0,0,nan,100.03441721986812,-3.0010325165960436,-0.0,0,0.0,0.0,0.0,3.0010325165960436,0.0
166,1,2,500.0,0,nan,100.26,-3.0010325165960436,-0.0,0,0.0,0.0,0.0,3.0010325165960436,0.0
166,2,3,500.0,0,nan,100.37,-3.0010325165960436,-0.0,0,0.0,0.0,0.0,3.0010325165960436,0.0
166,3,4,0.0,1,100.49034413065657,100.52,-14.827934671714615,-14.827934671714615,0,500.0,0.0,14.827934671714615,0.0,0.0
167,0,1,500.0,0,nan,99.88201329814342,-2.9964603989443024,-0.0,0,0.0,0.0,0.0,2.9964603989443024,0.0
167,1,2,0.0,1,99.74088360221933,99.77,-14.558198890334495,-14.558198890334495,0,500.0,0.0,14.558198890334495,0.0,0.0
168,0,1,0.0,1,100.1569003315726,100.18596494335239,-14.532305889893848,-14.532305889893848,0,500.0,0.0,14.532305889893848,0.0,0.0
169,0,1,0.0,1,99.88266747297342,99.91865779653718,-17.99516178187588,-17.99516178187588,0,500.0,0.0,17.99516178187588,0.0,0.0
170,0,1,500.0,0,nan,99.82741023247866,-2.9948223069743594,-0.0,0,0.0,0.0,0.0,2.9948223069743594,0.0
170,1,2,0.0,1,99.99087671750223,100.02,-14.56164124888204,-14.56164124888204,0,500.0,0.0,14.56164124888204,0.0,0.0
171,0,1,500.0,0,nan,100.00536810893877,-3.000161043268163,-0.0,0,0.0,0.0,0.0,3.000161043268163,0.0
171,1,2,0.0,1,99.87577474478354,99.91,-17.112627608227626,-17.112627608227626,0,500.0,0.0,17.112627608227626,0.0,0.0
172,0,1,0.0,1,99.85799241167233,99.88592302901085,-13.965308669263266,-13.965308669263266,0,500.0,0.0,13.965308669263266,0.0,0.0
173,0,1,0.0,1,99.81200553698908,99.84279892050995,-15.396691760436454,-15.396691760436454,0,500.0,0.0,15.396691760436454,0.0,0.0
174,0,1,0.0,1,99.76082492444387,99.79976980127384,-19.47243841498647,-19.47243841498647,0,500.0,0.0,19.47243841498647,0.0,0.0
175,0,1,500.0,0,nan,100.23889298118654,-3.0071667894355962,-0.0,0,0.0,0.0,0.0,3.0071667894355962,0.0
175,1,2,0.0,1,100.31929923176853,100.35000000000001,-15.350384115741633,-15.350384115741633,0,500.0,0.0,15.350384115741633,0.0,0.0
176,0,1,500.0,0,nan,100.15275108985455,-3.004582532695636,-0.0,0,0.0,0.0,0.0,3.004582532695636,0.0
176,1,2,0.0,1,100.35708750287138,100.39,-16.456248564310272,-16.456248564310272,0,500.0,0.0,16.456248564310272,0.0,0.0
177,0,1,0.0,1,99.98128079543437,100.01111135318948,-14.915278877552396,-14.915278877552396,0,500.0,0.0,14.915278877552396,0.0,0.0
178,0,1,500.0,0,nan,100.12915227432602,-3.0038745682297803,-0.0,0,0.0,0.0,0.0,3.0038745682297803,0.0
178,1,2,500.0,0,nan,99.9,-3.0038745682297803,-0.0,0,0.0,0.0,0.0,3.0038745682297803,0.0
178,2,3,0.0,1,99.7916966123882,99.82000000000001,-14.151693805906973,-14.151693805906973,0,500.0,0.0,14.151693805906973,0.0,0.0
179,0,1,0.0,1,100.19780355797029,100.23031365786952,-16.255049949613465,-16.255049949613465,0,500.0,0.0,16.255049949613465,0.0,0.0
180,0,1,0.0,1,99.98718654772321,100.01532999393528,-14.071723106034995,-14.071723106034995,0,500.0,0.0,14.071723106034995,0.0,0.0
181,0,1,500.0,0,nan,100.03523555981853,-3.001057066794556,-0.0,0,0.0,0.0,0.0,3.001057066794556,0.0
181,1,2,500.0,0,nan,99.94,-3.001057066794556,-0.0,0,0.0,0.0,0.0,3.001057066794556,0.0
181,2,3,500.0,0,nan,99.8,-3.001057066794556,-0.0,0,0.0,0.0,0.0,3.001057066794556,0.0
181,3,4,0.0,1,99.63428930080543,99.66,-12.855349597280963,-12.855349597280963,0,500.0,0.0,12.855349597280963,0.0,0.0
182,0,1,500.0,0,nan,100.15328160324624,-3.0045984480973873,-0.0,0,0.0,0.0,0.0,3.0045984480973873,0.0
182,1,2,500.0,0,nan,99.96000000000001,-3.0045984480973873,-0.0,0,0.0,0.0,0.0,3.0045984480973873,0.0
182,2,3,0.0,1,99.90231980764331,99.93,-13.840096178348915,-13.840096178348915,0,500.0,0.0,13.840096178348915,0.0,0.0
183,0,1,0.0,1,99.8819526634984,99.91460032374488,-16.323830123241123,-16.323830123241123,0,500.0,0.0,16.323830123241123,0.0,0.0
184,0,1,0.0,1,100.13319097962973,100.16249380047584,-14.651410423056177,-14.651410423056177,0,500.0,0.0,14.651410423056177,0.0,0.0
185,0,1,500.0,0,nan,100.03096029053,-3.0009288087159,-0.0,0,0.0,0.0,0.0,3.0009288087159,0.0
185,1,2,0.0,1,100.12396931505369,100.15,-13.015342473160274,-13.015342473160274,0,500.0,0.0,13.015342473160274,0.0,0.0
186,0,1,0.0,1,100.07234771213432,100.1000496349904,-13.850961428040875,-13.850961428040875,0,500.0,0.0,13.850961428040875,0.0,0.0
187,0,1,0.0,1,99.94544713202257,99.97591237017859,-15.232619078012988,-15.232619078012988,0,500.0,0.0,15.232619078012988,0.0,0.0
188,0,1,0.0,1,99.95674846554618,99.99129605243189,-17.273793442853957,-17.273793442853957,0,500.0,0.0,17.273793442853957,0.0,0.0
189,0,1,0.0,1,100.17192850901601,100.20349729545133,-15.784393217657566,-15.784393217657566,0,500.0,0.0,15.784393217657566,0.0,0.0
190,0,1,0.0,1,100.06380195339621,100.09662600059646,-16.41202360012528,-16.41202360012528,0,500.0,0.0,16.41202360012528,0.0,0.0
191,0,1,500.0,0,nan,100.15597954773054,-3.004679386431916,-0.0,0,0.0,0.0,0.0,3.004679386431916,0.0
191,1,2,500.0,0,nan,99.96000000000001,-3.004679386431916,-0.0,0,0.0,0.0,0.0,3.004679386431916,0.0
191,2,3,500.0,0,nan,99.81,-3.004679386431916,-0.0,0,0.0,0.0,0.0,3.004679386431916,0.0
191,3,4,0.0,1,99.70420897974844,99.73,-12.895510125780163,-12.895510125780163,0,500.0,0.0,12.895510125780163,0.0,0.0
192,0,1,500.0,0,nan,99.8332685457882,-2.994998056373646,-0.0,0,0.0,0.0,0.0,2.994998056373646,0.0
192,1,2,0.0,1,99.59279945218375,99.63,-18.600273908120357,-18.600273908120357,0,500.0,0.0,18.600273908120357,0.0,0.0
193,0,1,500.0,0,nan,99.92415671373809,-2.9977247014121424,-0.0,0,0.0,0.0,0.0,2.9977247014121424,0.0
193,1,2,500.0,0,nan,99.66,-2.9977247014121424,-0.0,0,0.0,0.0,0.0,2.9977247014121424,0.0
193,2,3,0.0,1,99.5325373580289,99.56,-13.73132098554919,-13.73132098554919,0,500.0,0.0,13.73132098554919,0.0,0.0
194,0,1,500.0,0,nan,99.68924511464888,-2.9906773534394664,-0.0,0,0.0,0.0,0.0,2.9906773534394664,0.0
194,1,2,0.0,1,99.54242512918154,99.57000000000001,-13.78743540923466,-13.78743540923466,0,500.0,0.0,13.78743540923466,0.0,0.0
195,0,1,500.0,0,nan,99.83715602706748,-2.995114680812024,-0.0,0,0.0,0.0,0.0,2.995114680812024,0.0
195,1,2,500.0,0,nan,99.78,-2.995114680812024,-0.0,0,0.0,0.0,0.0,2.995114680812024,0.0
195,2,3,500.0,0,nan,99.7,-2.995114680812024,-0.0,0,0.0,0.0,0.0,2.995114680812024,0.0
195,3,4,0.0,1,99.5619867224963,99.59,-14.006638751851597,-14.006638751851597,0,500.0,0.0,14.006638751851597,0.0,0.0
196,0,1,500.0,0,nan,100.14140212270293,-3.0042420636810876,-0.0,0,0.0,0.0,0.0,3.0042420636810876,0.0
196,1,2,0.0,1,99.92817582476563,99.96000000000001,-15.91208761718832,-15.91208761718832,0,500.0,0.0,15.91208761718832,0.0,0.0
197,0,1,500.0,0,nan,100.33674974257201,-3.01010249227716,-0.0,0,0.0,0.0,0.0,3.01010249227716,0.0
197,1,2,500.0,0,nan,100.47,-3.01010249227716,-0.0,0,0.0,0.0,0.0,3.01010249227716,0.0
197,2,3,500.0,0,nan,100.53,-3.01010249227716,-0.0,0,0.0,0.0,0.0,3.01010249227716,0.0
197,3,4,0.0,1,100.55182592098474,100.58,-14.087039507629129,-14.087039507629129,0,500.0,0.0,14.087039507629129,0.0,0.0
198,0,1,0.0,1,100.25485247210624,100.28280120244719,-13.974365170476233,-13.974365170476233,0,500.0,0.0,13.974365170476233,0.0,0.0
199,0,1,500.0,0,nan,100.20721190335618,-3.0062163571006852,-0.0,0,0.0,0.0,0.0,3.0062163571006852,0.0
199,1,2,500.0,0,nan,100.14,-3.0062163571006852,-0.0,0,0.0,0.0,0.0,3.0062163571006852,0.0
199,2,3,500.0,0,nan,100.19,-3.0062163571006852,-0.0,0,0.0,0.0,0.0,3.0062163571006852,0.0
199,3,4,0.0,1,100.3293698766128,100.36,-15.315061693598864,-15.315061693598864,0,500.0,0.0,15.315061693598864,0.0,0.0
200,0,1,500.0,0,nan,100.02147523226137,-3.000644256967841,-0.0,0,0.0,0.0,0.0,3.000644256967841,0.0
200,1,2,0.0,1,99.91244615551217,99.94,-13.776922243913248,-13.776922243913248,0,500.0,0.0,13.776922243913248,0.0,0.0
201,0,1,0.0,1,99.75991359681393,99.79245326568585,-16.26983443595975,-16.26983443595975,0,500.0,0.0,16.26983443595975,0.0,0.0
202,0,1,0.0,1,99.74811189738278,99.77640531141599,-14.146707016600146,-14.146707016600146,0,500.0,0.0,14.146707016600146,0.0,0.0
203,0,1,500.0,0,nan,100.08412881741093,-3.0025238645223276,-0.0,0,0.0,0.0,0.0,3.0025238645223276,0.0
203,1,2,0.0,1,100.06154659840459,100.09,-14.226700797706826,-14.226700797706826,0,500.0,0.0,14.226700797706826,0.0,0.0
204,0,1,0.0,1,99.80938670703321,99.83837088964069,-14.492091303736743,-14.492091303736743,0,500.0,0.0,14.492091303736743,0.0,0.0
205,0,1,500.0,0,nan,100.18211480833017,-3.005463444249905,-0.0,0,0.0,0.0,0.0,3.005463444249905,0.0
205,1,2,500.0,0,nan,100.06,-3.005463444249905,-0.0,0,0.0,0.0,0.0,3.005463444249905,0.0
205,2,3,500.0,0,nan,100.19,-3.005463444249905,-0.0,0,0.0,0.0,0.0,3.005463444249905,0.0
205,3,4,0.0,1,100.10282972912218,100.13,-13.585135438908935,-13.585135438908935,0,500.0,0.0,13.585135438908935,0.0,0.0
206,0,1,0.0,1,99.9344717528112,99.96307060420484,-14.299425696819412,-14.299425696819412,0,500.0,0.0,14.299425696819412,0.0,0.0
207,0,1,0.0,1,100.13037296249044,100.15924148004348,-14.43425877651805,-14.43425877651805,0,500.0,0.0,14.43425877651805,0.0,0.0
208,0,1,500.0,0,nan,99.97136140660768,-2.9991408421982304,-0.0,0,0.0,0.0,0.0,2.9991408421982304,0.0
208,1,2,500.0,0,nan,99.98,-2.9991408421982304,-0.0,0,0.0,0.0,0.0,2.9991408421982304,0.0
208,2,3,500.0,0,nan,100.15,-2.9991408421982304,-0.0,0,0.0,0.0,0.0,2.9991408421982304,0.0
208,3,4,500.0,0,nan,100.32000000000001,-2.9991408421982304,-0.0,0,0.0,0.0,0.0,2.9991408421982304,0.0
208,4,5,0.0,1,100.49243478207869,100.52,-13.78260896065342,-13.78260896065342,0,500.0,0.0,13.78260896065342,0.0,0.0
209,0,1,500.0,0,nan,100.18695620181558,-3.005608686054467,-0.0,0,0.0,0.0,0.0,3.005608686054467,0.0
209,1,2,500.0,0,nan,100.48,-3.005608686054467,-0.0,0,0.0,0.0,0.0,3.005608686054467,0.0
209,2,3,500.0,0,nan,100.60000000000001,-3.005608686054467,-0.0,0,0.0,0.0,0.0,3.005608686054467,0.0
209,3,4,0.0,1,100.74377133257825,100.77,-13.114333710873893,-13.114333710873893,0,500.0,0.0,13.114333710873893,0.0,0.0
210,0,1,500.0,0,nan,99.79854604773223,-2.9939563814319667,-0.0,0,0.0,0.0,0.0,2.9939563814319667,0.0
210,1,2,500.0,0,nan,99.98,-2.9939563814319667,-0.0,0,0.0,0.0,0.0,2.9939563814319667,0.0
210,2,3,0.0,1,99.95575862089238,99.99000000000001,-17.120689553813406,-17.120689553813406,0,500.0,0.0,17.120689553813406,0.0,0.0
211,0,1,500.0,0,nan,100.09794163053971,-3.002938248916191,-0.0,0,0.0,0.0,0.0,3.002938248916191,0.0
211,1,2,500.0,0,nan,100.08,-3.002938248916191,-0.0,0,0.0,0.0,0.0,3.002938248916191,0.0
211,2,3,0.0,1,100.07137591900972,100.10000000000001,-14.312040495141787,-14.312040495141787,0,500.0,0.0,14.312040495141787,0.0,0.0
212,0,1,500.0,0,nan,100.13239708542821,-3.003971912562846,-0.0,0,0.0,0.0,0.0,3.003971912562846,0.0
212,1,2,0.0,1,100.02792116352123,100.06,-16.03941823938726,-16.03941823938726,0,500.0,0.0,16.03941823938726,0.0,0.0
213,0,1,0.0,1,100.02015932429362,100.04876832397763,-14.304499842005214,-14.304499842005214,0,500.0,0.0,14.304499842005214,0.0,0.0
214,0,1,0.0,1,99.86104942967756,99.89014914660386,-14.549858463148269,-14.549858463148269,0,500.0,0.0,14.549858463148269,0.0,0.0
215,0,1,500.0,0,nan,100.16264166666696,-3.0048792500000086,-0.0,0,0.0,0.0,0.0,3.0048792500000086,0.0
215,1,2,0.0,1,100.09879010112324,100.13,-15.604949438376536,-15.604949438376536,0,500.0,0.0,15.604949438376536,0.0,0.0
216,0,1,500.0,0,nan,99.86262198491107,-2.995878659547332,-0.0,0,0.0,0.0,0.0,2.995878659547332,0.0
216,1,2,0.0,1,99.72806010562869,99.76,-15.969947185659805,-15.969947185659805,0,500.0,0.0,15.969947185659805,0.0,0.0
217,0,1,500.0,0,nan,99.89729453948425,-2.9969188361845274,-0.0,0,0.0,0.0,0.0,2.9969188361845274,0.0
217,1,2,0.0,1,99.92613568196657,99.96000000000001,-16.93215901671863,-16.93215901671863,0,500.0,0.0,16.93215901671863,0.0,0.0
218,0,1,500.0,0,nan,99.75711165455311,-2.992713349636593,-0.0,0,0.0,0.0,0.0,2.992713349636593,0.0
218,1,2,500.0,0,nan,100.04,-2.992713349636593,-0.0,0,0.0,0.0,0.0,2.992713349636593,0.0
218,2,3,0.0,1,100.14372294927597,100.18,-18.13852536201921,-18.13852536201921,0,500.0,0.0,18.13852536201921,0.0,0.0
219,0,1,500.0,0,nan,99.75147664444756,-2.992544299333427,-0.0,0,0.0,0.0,0.0,2.992544299333427,0.0
219,1,2,500.0,0,nan,99.94,-2.992544299333427,-0.0,0,0.0,0.0,0.0,2.992544299333427,0.0
219,2,3,500.0,0,nan,100.15,-2.992544299333427,-0.0,0,0.0,0.0,0.0,2.992544299333427,0.0
219,3,4,500.0,0,nan,100.3,-2.992544299333427,-0.0,0,0.0,0.0,0.0,2.992544299333427,0.0
219,4,5,500.0,0,nan,100.42,-2.992544299333427,-0.0,0,0.0,0.0,0.0,2.992544299333427,0.0
219,5,6,500.0,0,nan,100.49000000000001,-2.992544299333427,-0.0,0,0.0,0.0,0.0,2.992544299333427,0.0
219,6,7,500.0,0,nan,100.68,-2.992544299333427,-0.0,0,0.0,0.0,0.0,2.992544299333427,0.0
219,7,8,500.0,0,nan,100.75,-2.992544299333427,-0.0,0,0.0,0.0,0.0,2.992544299333427,0.0
219,8,9,0.0,1,100.88352486651391,100.91,-13.237566743043772,-13.237566743043772,0,500.0,0.0,13.237566743043772,0.0,0.0
220,0,1,500.0,0,nan,99.91664684295559,-2.9974994052886674,-0.0,0,0.0,0.0,0.0,2.9974994052886674,0.0
220,1,2,0.0,1,99.91177587751743,99.94,-14.112061241284835,-14.112061241284835,0,500.0,0.0,14.112061241284835,0.0,0.0
221,0,1,0.0,1,99.97105937342235,99.99869752203193,-13.819074304791457,-13.819074304791457,0,500.0,0.0,13.819074304791457,0.0,0.0
222,0,1,500.0,0,nan,100.01556520040322,-3.0004669560120965,-0.0,0,0.0,0.0,0.0,3.0004669560120965,0.0
222,1,2,500.0,0,nan,100.15,-3.0004669560120965,-0.0,0,0.0,0.0,0.0,3.0004669560120965,0.0
222,2,3,500.0,0,nan,100.38,-3.0004669560120965,-0.0,0,0.0,0.0,0.0,3.0004669560120965,0.0
222,3,4,500.0,0,nan,100.42,-3.0004669560120965,-0.0,0,0.0,0.0,0.0,3.0004669560120965,0.0
222,4,5,0.0,1,100.67663134279832,100.71000000000001,-16.684328600845788,-16.684328600845788,0,500.0,0.0,16.684328600845788,0.0,0.0
223,0,1,0.0,1,99.88752869945249,99.92083120640905,-16.65125347827967,-16.65125347827967,0,500.0,0.0,16.65125347827967,0.0,0.0
224,0,1,0.0,1,99.98861537326131,100.02183423473414,-16.609430736416186,-16.609430736416186,0,500.0,0.0,16.609430736416186,0.0,0.0
225,0,1,500.0,0,nan,99.87744208159097,-2.996323262447729,-0.0,0,0.0,0.0,0.0,2.996323262447729,0.0
225,1,2,500.0,0,nan,100.19,-2.996323262447729,-0.0,0,0.0,0.0,0.0,2.996323262447729,0.0
225,2,3,0.0,1,100.18758747263222,100.22,-16.20626368389111,-16.20626368389111,0,500.0,0.0,16.20626368389111,0.0,0.0
226,0,1,0.0,1,100.17933411646568,100.21485111610295,-17.75849981863331,-17.75849981863331,0,500.0,0.0,17.75849981863331,0.0,0.0
227,0,1,0.0,1,100.04332115169944,100.07408036433469,-15.379606317623029,-15.379606317623029,0,500.0,0.0,15.379606317623029,0.0,0.0
228,0,1,500.0,0,nan,100.16515057459421,-3.004954517237826,-0.0,0,0.0,0.0,0.0,3.004954517237826,0.0
228,1,2,0.0,1,100.2003177803871,100.23,-14.841109806454256,-14.841109806454256,0,500.0,0.0,14.841109806454256,0.0,0.0
229,0,1,500.0,0,nan,100.04429594481088,-3.0013288783443266,-0.0,0,0.0,0.0,0.0,3.0013288783443266,0.0
229,1,2,0.0,1,100.01984451688082,100.05,-15.077741559586855,-15.077741559586855,0,500.0,0.0,15.077741559586855,0.0,0.0
230,0,1,0.0,1,100.14895132921603,100.17730481346598,-14.176742124973885,-14.176742124973885,0,500.0,0.0,14.176742124973885,0.0,0.0
231,0,1,0.0,1,100.11937514634683,100.15480381211783,-17.714332885503836,-17.714332885503836,0,500.0,0.0,17.714332885503836,0.0,0.0
232,0,1,500.0,0,nan,100.28068563805266,-3.0084205691415797,-0.0,0,0.0,0.0,0.0,3.0084205691415797,0.0
232,1,2,500.0,0,nan,100.28,-3.0084205691415797,-0.0,0,0.0,0.0,0.0,3.0084205691415797,0.0
232,2,3,0.0,1,100.37821942208659,100.42,-20.89028895670708,-20.89028895670708,0,500.0,0.0,20.89028895670708,0.0,0.0
233,0,1,500.0,0,nan,100.16135292961532,-3.0048405878884594,-0.0,0,0.0,0.0,0.0,3.0048405878884594,0.0
233,1,2,0.0,1,100.16975252081576,100.2,-15.123739592119989,-15.123739592119989,0,500.0,0.0,15.123739592119989,0.0,0.0
234,0,1,500.0,0,nan,100.17119209269516,-3.005135762780855,-0.0,0,0.0,0.0,0.0,3.005135762780855,0.0
234,1,2,500.0,0,nan,99.92,-3.005135762780855,-0.0,0,0.0,0.0,0.0,3.005135762780855,0.0
234,2,3,500.0,0,nan,99.8,-3.005135762780855,-0.0,0,0.0,0.0,0.0,3.005135762780855,0.0
234,3,4,500.0,0,nan,99.78,-3.005135762780855,-0.0,0,0.0,0.0,0.0,3.005135762780855,0.0
234,4,5,0.0,1,99.6304121384137,99.66,-14.793930793146615,-14.793930793146615,0,500.0,0.0,14.793930793146615,0.0,0.0
235,0,1,0.0,1,100.00971865418704,100.04362869618537,-16.955020999162684,-16.955020999162684,0,500.0,0.0,16.955020999162684,0.0,0.0
236,0,1,500.0,0,nan,100.12130690196514,-3.003639207058954,-0.0,0,0.0,0.0,0.0,3.003639207058954,0.0
236,1,2,0.0,1,100.23898612591641,100.27,-15.506937041791957,-15.506937041791957,0,500.0,0.0,15.506937041791957,0.0,0.0
237,0,1,0.0,1,99.71832276193304,99.74715292043773,-14.415079252344754,-14.415079252344754,0,500.0,0.0,14.415079252344754,0.0,0.0
238,0,1,0.0,1,100.21889108163047,100.25312633982261,-17.117629096070175,-17.117629096070175,0,500.0,0.0,17.117629096070175,0.0,0.0
239,0,1,0.0,1,99.8720867252433,99.90774535566493,-17.829315210811103,-17.829315210811103,0,500.0,0.0,17.829315210811103,0.0,0.0
240,0,1,0.0,1,100.25049506317426,100.28149806909003,-15.501502957889102,-15.501502957889102,0,500.0,0.0,15.501502957889102,0.0,0.0
241,0,1,500.0,0,nan,99.87694651371312,-2.9963083954113934,-0.0,0,0.0,0.0,0.0,2.9963083954113934,0.0
241,1,2,0.0,1,99.87625155115953,99.91,-16.874224420234896,-16.874224420234896,0,500.0,0.0,16.874224420234896,0.0,0.0
242,0,1,0.0,1,99.90795690642183,99.9348528054465,-13.447949512332968,-13.447949512332968,0,500.0,0.0,13.447949512332968,0.0,0.0
243,0,1,500.0,0,nan,99.87184701105936,-2.9961554103317805,-0.0,0,0.0,0.0,0.0,2.9961554103317805,0.0
243,1,2,500.0,0,nan,99.7,-2.9961554103317805,-0.0,0,0.0,0.0,0.0,2.9961554103317805,0.0
243,2,3,0.0,1,99.54030884079515,99.57000000000001,-14.845579602429382,-14.845579602429382,0,500.0,0.0,14.845579602429382,0.0,0.0
244,0,1,0.0,1,100.21254531188741,100.24946346144858,-18.45907478058706,-18.45907478058706,0,500.0,0.0,18.45907478058706,0.0,0.0
245,0,1,0.0,1,100.07362908902687,100.10495605345156,-15.66348221234648,-15.66348221234648,0,500.0,0.0,15.66348221234648,0.0,0.0
246,0,1,500.0,0,nan,100.12907097062602,-3.0038721291187804,-0.0,0,0.0,0.0,0.0,3.0038721291187804,0.0
246,1,2,0.0,1,100.29846728347152,100.33,-15.766358264237113,-15.766358264237113,0,500.0,0.0,15.766358264237113,0.0,0.0
247,0,1,500.0,0,nan,99.64726664948031,-2.9894179994844094,-0.0,0,0.0,0.0,0.0,2.9894179994844094,0.0
247,1,2,500.0,0,nan,99.52,-2.9894179994844094,-0.0,0,0.0,0.0,0.0,2.9894179994844094,0.0
247,2,3,0.0,1,99.36323641588311,99.39,-13.381792058446251,-13.381792058446251,0,500.0,0.0,13.381792058446251,0.0,0.0
248,0,1,0.0,1,100.01168947216559,100.04358450886508,-15.947518349747725,-15.947518349747725,0,500.0,0.0,15.947518349747725,0.0,0.0
249,0,1,500.0,0,nan,100.3281777070573,-3.0098453312117193,-0.0,0,0.0,0.0,0.0,3.0098453312117193,0.0
249,1,2,0.0,1,100.35679014174798,100.39,-16.60492912601086,-16.60492912601086,0,500.0,0.0,16.60492912601086,0.0,0.0
250,0,1,500.0,0,nan,100.05630620892798,-3.001689186267839,-0.0,0,0.0,0.0,0.0,3.001689186267839,0.0
250,1,2,500.0,0,nan,100.21000000000001,-3.001689186267839,-0.0,0,0.0,0.0,0.0,3.001689186267839,0.0
250,2,3,0.0,1,100.23128615459093,100.26,-14.356922704536146,-14.356922704536146,0,500.0,0.0,14.356922704536146,0.0,0.0
251,0,1,500.0,0,nan,100.0107932336811,-3.000323797010433,-0.0,0,0.0,0.0,0.0,3.000323797010433,0.0
251,1,2,0.0,1,100.1027531682744,100.13,-13.623415862795696,-13.623415862795696,0,500.0,0.0,13.623415862795696,0.0,0.0
252,0,1,0.0,1,99.97758544564192,100.00809102679943,-15.252790578756503,-15.252790578756503,0,500.0,0.0,15.252790578756503,0.0,0.0
253,0,1,500.0,0,nan,100.0833881449674,-3.002501644349022,-0.0,0,0.0,0.0,0.0,3.002501644349022,0.0
253,1,2,500.0,0,nan,100.17,-3.002501644349022,-0.0,0,0.0,0.0,0.0,3.002501644349022,0.0
253,2,3,0.0,1,100.13350148539303,100.17,-18.24925730348781,-18.24925730348781,0,500.0,0.0,18.24925730348781,0.0,0.0
254,0,1,500.0,0,nan,100.01856145230599,-3.0005568435691794,-0.0,0,0.0,0.0,0.0,3.0005568435691794,0.0
254,1,2,500.0,0,nan,99.9,-3.0005568435691794,-0.0,0,0.0,0.0,0.0,3.0005568435691794,0.0
254,2,3,500.0,0,nan,99.81,-3.0005568435691794,-0.0,0,0.0,0.0,0.0,3.0005568435691794,0.0
254,3,4,500.0,0,nan,99.66,-3.0005568435691794,-0.0,0,0.0,0.0,0.0,3.0005568435691794,0.0
254,4,5,500.0,0,nan,99.5,-3.0005568435691794,-0.0,0,0.0,0.0,0.0,3.0005568435691794,0.0
254,5,6,500.0,0,nan,99.23,-3.0005568435691794,-0.0,0,0.0,0.0,0.0,3.0005568435691794,0.0
254,6,7,500.0,0,nan,99.18,-3.0005568435691794,-0.0,0,0.0,0.0,0.0,3.0005568435691794,0.0
254,7,8,500.0,0,nan,99.18,-3.0005568435691794,-0.0,0,0.0,0.0,0.0,3.0005568435691794,0.0
254,8,9,0.0,1,99.04282598217486,99.07000000000001,-13.58700891257314,-13.58700891257314,0,500.0,0.0,13.58700891257314,0.0,0.0
255,0,1,0.0,1,99.98378246722838,100.01440921879528,-15.313375783449601,-15.313375783449601,0,500.0,0.0,15.313375783449601,0.0,0.0
256,0,1,500.0,0,nan,100.10508651608272,-3.0031525954824816,-0.0,0,0.0,0.0,0.0,3.0031525954824816,0.0
256,1,2,500.0,0,nan,100.29,-3.0031525954824816,-0.0,0,0.0,0.0,0.0,3.0031525954824816,0.0
256,2,3,500.0,0,nan,100.38,-3.0031525954824816,-0.0,0,0.0,0.0,0.0,3.0031525954824816,0.0
256,3,4,500.0,0,nan,100.56,-3.0031525954824816,-0.0,0,0.0,0.0,0.0,3.0031525954824816,0.0
256,4,5,0.0,1,100.62349650578852,100.65,-13.251747105741174,-13.251747105741174,0,500.0,0.0,13.251747105741174,0.0,0.0
257,0,1,500.0,0,nan,100.20981345786619,-3.0062944037359856,-0.0,0,0.0,0.0,0.0,3.0062944037359856,0.0
257,1,2,500.0,0,nan,100.05,-3.0062944037359856,-0.0,0,0.0,0.0,0.0,3.0062944037359856,0.0
257,2,3,500.0,0,nan,99.89,-3.0062944037359856,-0.0,0,0.0,0.0,0.0,3.0062944037359856,0.0
257,3,4,500.0,0,nan,99.77,-3.0062944037359856,-0.0,0,0.0,0.0,0.0,3.0062944037359856,0.0
257,4,5,500.0,0,nan,99.63,-3.0062944037359856,-0.0,0,0.0,0.0,0.0,3.0062944037359856,0.0
257,5,6,0.0,1,99.48070988825668,99.51,-14.645055871660873,-14.645055871660873,0,500.0,0.0,14.645055871660873,0.0,0.0
258,0,1,500.0,0,nan,99.93532945168587,-2.9980598835505763,-0.0,0,0.0,0.0,0.0,2.9980598835505763,0.0
258,1,2,0.0,1,100.13451257748828,100.16,-12.743711255858159,-12.743711255858159,0,500.0,0.0,12.743711255858159,0.0,0.0
259,0,1,0.0,1,99.91814659518481,99.94489024329536,-13.371824055276704,-13.371824055276704,0,500.0,0.0,13.371824055276704,0.0,0.0
260,0,1,500.0,0,nan,100.25005066661261,-3.007501519998378,-0.0,0,0.0,0.0,0.0,3.007501519998378,0.0
260,1,2,500.0,0,nan,100.3,-3.007501519998378,-0.0,0,0.0,0.0,0.0,3.007501519998378,0.0
260,2,3,0.0,1,100.43793020315682,100.47,-16.03489842158723,-16.03489842158723,0,500.0,0.0,16.03489842158723,0.0,0.0
261,0,1,500.0,0,nan,99.91960636506718,-2.9975881909520155,-0.0,0,0.0,0.0,0.0,2.9975881909520155,0.0
261,1,2,0.0,1,100.1006680405038,100.13,-14.665979748095026,-14.665979748095026,0,500.0,0.0,14.665979748095026,0.0,0.0
262,0,1,500.0,0,nan,100.21232918191984,-3.006369875457595,-0.0,0,0.0,0.0,0.0,3.006369875457595,0.0
262,1,2,500.0,0,nan,100.42,-3.006369875457595,-0.0,0,0.0,0.0,0.0,3.006369875457595,0.0
262,2,3,0.0,1,100.64174153356886,100.67,-14.129233215570025,-14.129233215570025,0,500.0,0.0,14.129233215570025,0.0,0.0
263,0,1,500.0,0,nan,99.90374564646034,-2.99711236939381,-0.0,0,0.0,0.0,0.0,2.99711236939381,0.0
263,1,2,0.0,1,99.8993839131882,99.93,-15.308043405902083,-15.308043405902083,0,500.0,0.0,15.308043405902083,0.0,0.0
264,0,1,0.0,1,100.1958433675929,100.23866047774929,-21.408555078195945,-21.408555078195945,0,500.0,0.0,21.408555078195945,0.0,0.0
265,0,1,0.0,1,99.99072730517021,100.02641722279873,-17.844958814258405,-17.844958814258405,0,500.0,0.0,17.844958814258405,0.0,0.0
266,0,1,0.0,1,99.87142837593335,99.89926846280092,-13.920043433785168,-13.920043433785168,0,500.0,0.0,13.920043433785168,0.0,0.0
267,0,1,0.0,1,99.80648375262942,99.8369924107279,-15.254329049241733,-15.254329049241733,0,500.0,0.0,15.254329049241733,0.0,0.0
268,0,1,0.0,1,100.01901365729312,100.05006489221347,-15.525617460177443,-15.525617460177443,0,500.0,0.0,15.525617460177443,0.0,0.0
269,0,1,500.0,0,nan,99.91583672129134,-2.99747510163874,-0.0,0,0.0,0.0,0.0,2.99747510163874,0.0
269,1,2,0.0,1,99.88513441130972,99.92,-17.432794345140223,-17.432794345140223,0,500.0,0.0,17.432794345140223,0.0,0.0
270,0,1,0.0,1,99.86148316769062,99.89068238925854,-14.59961078396077,-14.59961078396077,0,500.0,0.0,14.59961078396077,0.0,0.0
271,0,1,500.0,0,nan,99.95604604342118,-2.998681381302635,-0.0,0,0.0,0.0,0.0,2.998681381302635,0.0
271,1,2,0.0,1,99.86934812645589,99.9,-15.325936772057958,-15.325936772057958,0,500.0,0.0,15.325936772057958,0.0,0.0
272,0,1,0.0,1,99.61164668878253,99.64311309099885,-15.73320110816212,-15.73320110816212,0,500.0,0.0,15.73320110816212,0.0,0.0
273,0,1,0.0,1,99.93814327975304,99.96824010309093,-15.048411668949768,-15.048411668949768,0,500.0,0.0,15.048411668949768,0.0,0.0
274,0,1,500.0,0,nan,99.86413809612273,-2.995924142883682,-0.0,0,0.0,0.0,0.0,2.995924142883682,0.0
274,1,2,0.0,1,99.88181061782281,99.91,-14.094691088594402,-14.094691088594402,0,500.0,0.0,14.094691088594402,0.0,0.0
275,0,1,500.0,0,nan,99.718314737354,-2.99154944212062,-0.0,0,0.0,0.0,0.0,2.99154944212062,0.0
275,1,2,500.0,0,nan,99.82000000000001,-2.99154944212062,-0.0,0,0.0,0.0,0.0,2.99154944212062,0.0
275,2,3,500.0,0,nan,100.01,-2.99154944212062,-0.0,0,0.0,0.0,0.0,2.99154944212062,0.0
275,3,4,0.0,1,99.9319075785961,99.96000000000001,-14.046210701955886,-14.046210701955886,0,500.0,0.0,14.046210701955886,0.0,0.0
276,0,1,500.0,0,nan,100.12330743284681,-3.0036992229854045,-0.0,0,0.0,0.0,0.0,3.0036992229854045,0.0
276,1,2,500.0,0,nan,99.89,-3.0036992229854045,-0.0,0,0.0,0.0,0.0,3.0036992229854045,0.0
276,2,3,500.0,0,nan,99.68,-3.0036992229854045,-0.0,0,0.0,0.0,0.0,3.0036992229854045,0.0
276,3,4,500.0,0,nan,99.62,-3.0036992229854045,-0.0,0,0.0,0.0,0.0,3.0036992229854045,0.0
276,4,5,500.0,0,nan,99.5,-3.0036992229854045,-0.0,0,0.0,0.0,0.0,3.0036992229854045,0.0
276,5,6,500.0,0,nan,99.34,-3.0036992229854045,-0.0,0,0.0,0.0,0.0,3.0036992229854045,0.0
276,6,7,500.0,0,nan,99.08,-3.0036992229854045,-0.0,0,0.0,0.0,0.0,3.0036992229854045,0.0
276,7,8,0.0,1,98.82990306128907,98.86,-15.048469355463112,-15.048469355463112,0,500.0,0.0,15.048469355463112,0.0,0.0
277,0,1,500.0,0,nan,99.90911997774565,-2.9972735993323694,-0.0,0,0.0,0.0,0.0,2.9972735993323694,0.0
277,1,2,500.0,0,nan,99.85000000000001,-2.9972735993323694,-0.0,0,0.0,0.0,0.0,2.9972735993323694,0.0
277,2,3,0.0,1,99.52831953435219,99.56,-15.840232823904898,-15.840232823904898,0,500.0,0.0,15.840232823904898,0.0,0.0
278,0,1,500.0,0,nan,99.7067489762728,-2.9912024692881842,-0.0,0,0.0,0.0,0.0,2.9912024692881842,0.0
278,1,2,0.0,1,99.83815230657004,99.87,-15.92384671498337,-15.92384671498337,0,500.0,0.0,15.92384671498337,0.0,0.0
279,0,1,500.0,0,nan,100.26239437664495,-3.007871831299348,-0.0,0,0.0,0.0,0.0,3.007871831299348,0.0
279,1,2,0.0,1,100.12216617439277,100.15,-13.916912803615844,-13.916912803615844,0,500.0,0.0,13.916912803615844,0.0,0.0
280,0,1,0.0,1,99.95903051836531,99.99436609460106,-17.66778811787617,-17.66778811787617,0,500.0,0.0,17.66778811787617,0.0,0.0
281,0,1,500.0,0,nan,100.0696930373528,-3.002090791120584,-0.0,0,0.0,0.0,0.0,3.002090791120584,0.0
281,1,2,0.0,1,99.96146708772795,99.99000000000001,-14.266456136027728,-14.266456136027728,0,500.0,0.0,14.266456136027728,0.0,0.0
282,0,1,500.0,0,nan,99.9690786066962,-2.999072358200886,-0.0,0,0.0,0.0,0.0,2.999072358200886,0.0
282,1,2,0.0,1,100.13327696726647,100.16,-13.361516366764192,-13.361516366764192,0,500.0,0.0,13.361516366764192,0.0,0.0
283,0,1,0.0,1,99.95493560321825,99.98645375361612,-15.759075198936046,-15.759075198936046,0,500.0,0.0,15.759075198936046,0.0,0.0
284,0,1,0.0,1,100.26698057784336,100.29827625304885,-15.647837602749348,-15.647837602749348,0,500.0,0.0,15.647837602749348,0.0,0.0
285,0,1,0.0,1,99.84617034338508,99.87756077167134,-15.695214143129022,-15.695214143129022,0,500.0,0.0,15.695214143129022,0.0,0.0
286,0,1,500.0,0,nan,99.9654058013883,-2.9989621740416488,-0.0,0,0.0,0.0,0.0,2.9989621740416488,0.0
286,1,2,500.0,0,nan,99.79,-2.9989621740416488,-0.0,0,0.0,0.0,0.0,2.9989621740416488,0.0
286,2,3,0.0,1,99.7417468052224,99.77,-14.126597388795403,-14.126597388795403,0,500.0,0.0,14.126597388795403,0.0,0.0
287,0,1,0.0,1,99.94180911092289,99.97057625452132,-14.383571799214678,-14.383571799214678,0,500.0,0.0,14.383571799214678,0.0,0.0
288,0,1,500.0,0,nan,100.19098338523378,-3.0057295015570134,-0.0,0,0.0,0.0,0.0,3.0057295015570134,0.0
288,1,2,0.0,1,99.9788463331281,100.01,-15.576833435950732,-15.576833435950732,0,500.0,0.0,15.576833435950732,0.0,0.0
289,0,1,500.0,0,nan,99.93647878932734,-2.99809436367982,-0.0,0,0.0,0.0,0.0,2.99809436367982,0.0
289,1,2,0.0,1,99.71420953495536,99.74000000000001,-12.895232522325273,-12.895232522325273,0,500.0,0.0,12.895232522325273,0.0,0.0
290,0,1,500.0,0,nan,99.89551884218,-2.9968655652654,-0.0,0,0.0,0.0,0.0,2.9968655652654,0.0
290,1,2,500.0,0,nan,99.78,-2.9968655652654,-0.0,0,0.0,0.0,0.0,2.9968655652654,0.0
290,2,3,0.0,1,99.6795511101021,99.71000000000001,-15.224444948955806,-15.224444948955806,0,500.0,0.0,15.224444948955806,0.0,0.0
291,0,1,500.0,0,nan,100.18504277838207,-3.005551283351462,-0.0,0,0.0,0.0,0.0,3.005551283351462,0.0
291,1,2,500.0,0,nan,100.08,-3.005551283351462,-0.0,0,0.0,0.0,0.0,3.005551283351462,0.0
291,2,3,500.0,0,nan,99.93,-3.005551283351462,-0.0,0,0.0,0.0,0.0,3.005551283351462,0.0
291,3,4,0.0,1,99.56992160444388,99.60000000000001,-15.039197778065727,-15.039197778065727,0,500.0,0.0,15.039197778065727,0.0,0.0
292,0,1,0.0,1,100.03788113999175,100.07303039480921,-17.574627408727395,-17.574627408727395,0,500.0,0.0,17.574627408727395,0.0,0.0
293,0,1,0.0,1,99.96604985089634,99.99237471447951,-13.16243179158505,-13.16243179158505,0,500.0,0.0,13.16243179158505,0.0,0.0
294,0,1,500.0,0,nan,99.7244603620864,-2.991733810862592,-0.0,0,0.0,0.0,0.0,2.991733810862592,0.0
294,1,2,500.0,0,nan,99.55,-2.991733810862592,-0.0,0,0.0,0.0,0.0,2.991733810862592,0.0
294,2,3,500.0,0,nan,99.10000000000001,-2.991733810862592,-0.0,0,0.0,0.0,0.0,2.991733810862592,0.0
294,3,4,0.0,1,98.98812415094766,99.02,-15.937924526170377,-15.937924526170377,0,500.0,0.0,15.937924526170377,0.0,0.0
295,0,1,500.0,0,nan,99.64103770862769,-2.9892311312588307,-0.0,0,0.0,0.0,0.0,2.9892311312588307,0.0
295,1,2,500.0,0,nan,99.83,-2.9892311312588307,-0.0,0,0.0,0.0,0.0,2.9892311312588307,0.0
295,2,3,500.0,0,nan,99.84,-2.9892311312588307,-0.0,0,0.0,0.0,0.0,2.9892311312588307,0.0
295,3,4,0.0,1,99.91883095441321,99.95,-15.584522793396616,-15.584522793396616,0,500.0,0.0,15.584522793396616,0.0,0.0
296,0,1,500.0,0,nan,99.86883158964335,-2.9960649476893004,-0.0,0,0.0,0.0,0.0,2.9960649476893004,0.0
296,1,2,500.0,0,nan,99.63,-2.9960649476893004,-0.0,0,0.0,0.0,0.0,2.9960649476893004,0.0
296,2,3,0.0,1,99.39986090602481,99.43,-15.069546987596993,-15.069546987596993,0,500.0,0.0,15.069546987596993,0.0,0.0
297,0,1,500.0,0,nan,99.98953870392337,-2.999686161117701,-0.0,0,0.0,0.0,0.0,2.999686161117701,0.0
297,1,2,0.0,1,100.06778292452184,100.10000000000001,-16.10853773908616,-16.10853773908616,0,500.0,0.0,16.10853773908616,0.0,0.0
298,0,1,500.0,0,nan,100.15751911390225,-3.0047255734170677,-0.0,0,0.0,0.0,0.0,3.0047255734170677,0.0
298,1,2,500.0,0,nan,100.01,-3.0047255734170677,-0.0,0,0.0,0.0,0.0,3.0047255734170677,0.0
298,2,3,500.0,0,nan,99.88,-3.0047255734170677,-0.0,0,0.0,0.0,0.0,3.0047255734170677,0.0
298,3,4,500.0,0,nan,99.7,-3.0047255734170677,-0.0,0,0.0,0.0,0.0,3.0047255734170677,0.0
298,4,5,500.0,0,nan,99.47,-3.0047255734170677,-0.0,0,0.0,0.0,0.0,3.0047255734170677,0.0
298,5,6,500.0,0,nan,99.35000000000001,-3.0047255734170677,-0.0,0,0.0,0.0,0.0,3.0047255734170677,0.0
298,6,7,500.0,0,nan,99.12,-3.0047255734170677,-0.0,0,0.0,0.0,0.0,3.0047255734170677,0.0
298,7,8,500.0,0,nan,99.03,-3.0047255734170677,-0.0,0,0.0,0.0,0.0,3.0047255734170677,0.0
298,8,9,500.0,0,nan,98.97,-3.0047255734170677,-0.0,0,0.0,0.0,0.0,3.0047255734170677,0.0
298,9,10,0.0,0,98.82176533646584,98.85000000000001,-14.117331767081964,-14.117331767081964,0,500.0,500.0,14.117331767081964,0.0,0.0
299,0,1,500.0,0,nan,99.95649903347147,-2.998694971004144,-0.0,0,0.0,0.0,0.0,2.998694971004144,0.0
299,1,2,0.0,1,100.0830712945741,100.11,-13.46435271295121,-13.46435271295121,0,500.0,0.0,13.46435271295121,0.0,0.0
