episode,step,t,remaining_inventory,action,exec_price,mid_price,reward,is_twap,executed_qty,forced_qty,step_is
0,0,1,375.0,1,99.90601262134683,99.95887932169568,-6.608337543605458,0,125.0,0.0,6.608337543605458
0,1,2,375.0,0,nan,95.32000000000001,-0.10340573722934036,0,0.0,0.0,0.0
0,2,3,0.0,4,95.3405628523354,95.46000000000001,-44.78893037422971,0,375.0,0.0,44.78893037422971
1,0,1,0.0,4,99.6435482195284,99.79583399371525,-76.14288709342532,0,500.0,0.0,76.14288709342532
2,0,1,0.0,4,99.55084159272029,99.75154818594366,-100.35329661168646,0,500.0,0.0,100.35329661168646
3,0,1,500.0,0,nan,99.88272921140229,-0.0,0,0.0,0.0,0.0
3,1,2,500.0,0,nan,100.08,-0.13776928167089972,0,0.0,0.0,0.0
3,2,3,0.0,4,100.0388117137008,100.16,-60.594143149600654,0,500.0,0.0,60.594143149600654
4,0,1,0.0,4,99.97388635793256,100.1837081617879,-104.91090192767416,0,500.0,0.0,104.91090192767416
5,0,1,375.0,1,100.0650449444569,100.11123826319329,-5.7741648420481795,0,125.0,0.0,5.7741648420481795
5,1,2,0.0,4,95.11900693906196,95.23,-41.622397851766024,0,375.0,0.0,41.622397851766024
6,0,1,0.0,4,100.0296460508184,100.14370959629633,-57.031772738966424,0,500.0,0.0,57.031772738966424
7,0,1,500.0,0,nan,99.76397645005784,-0.0,0,0.0,0.0,0.0
7,1,2,500.0,0,nan,99.68,-0.1376054847587005,0,0.0,0.0,0.0
7,2,3,375.0,1,99.45558629849,99.56,-13.258120915887767,0,125.0,0.0,13.051712688749717
7,3,4,281.0,1,94.47152438531246,94.59,-11.368710627931938,0,94.0,0.0,11.136707780628768
7,4,5,0.0,4,90.73572800701436,90.95,-60.21043002896597,0,281.0,0.0,60.21043002896597
8,0,1,375.0,1,99.73530100495155,99.78536904657113,-6.2585052024477505,0,125.0,0.0,6.2585052024477505
8,1,2,0.0,4,95.0055907396644,95.12,-42.903472625852146,0,375.0,0.0,42.903472625852146
9,0,1,250.0,2,100.09129154538138,100.15590311848356,-16.15289327554592,0,250.0,0.0,16.15289327554592
9,1,2,250.0,0,nan,90.72,-0.06907303663343695,0,0.0,0.0,0.0
9,2,3,0.0,4,90.69019150452921,90.82000000000001,-32.452123867699356,0,250.0,0.0,32.452123867699356
10,0,1,0.0,4,99.78063496421115,99.91900427271197,-69.18465425041376,0,500.0,0.0,69.18465425041376
11,0,1,250.0,2,100.03204919024688,100.1010765486892,-17.256839610581665,0,250.0,0.0,17.256839610581665
11,1,2,62.0,3,90.58937731481554,90.71000000000001,-22.69418555053179,0,188.0,0.0,22.677064814680705
11,2,3,46.0,1,84.14456091302434,84.28,-2.1924303544864556,0,16.0,0.0,2.1670253916106503
11,3,4,34.0,1,83.68402013230555,83.82000000000001,-1.659924784217556,0,12.0,0.0,1.631758412333511
11,4,5,17.0,2,83.33979710098893,83.48,-2.4022268644442573,0,17.0,0.0,2.3834492831882272
11,5,6,9.0,2,82.94447542152305,83.09,-1.1766229683526919,0,8.0,0.0,1.1641966278156133
11,6,7,5.0,2,82.78200620194691,82.93,-0.6002594192370928,0,4.0,0.0,0.5919751922123737
11,7,8,5.0,0,nan,83.05,-0.009664931528838959,0,0.0,0.0,0.0
11,8,9,1.0,3,83.07380590611051,83.22,-0.5869855027645566,0,4.0,0.0,0.5847763755579649
11,9,10,0.0,2,82.91985803424603,83.07000000000001,-0.1501419657539742,0,1.0,0.0,0.1501419657539742
12,0,1,125.0,3,99.97836513592243,100.06237862209694,-31.505057315442286,0,375.0,0.0,31.505057315442286
12,1,2,125.0,0,nan,86.21000000000001,-0.034504268490378256,0,0.0,0.0,0.0
12,2,3,0.0,4,86.23659580926532,86.37,-16.675523841835016,0,125.0,0.0,16.675523841835016
13,0,1,250.0,2,100.14477255597261,100.20953021794273,-16.189415492529946,0,250.0,0.0,16.189415492529946
13,1,2,125.0,2,90.60004424688444,90.71000000000001,-13.77902414986636,0,125.0,0.0,13.74446913944638
13,2,3,0.0,4,86.20495166213261,86.35000000000001,-18.13104223342421,0,125.0,0.0,18.13104223342421
14,0,1,500.0,0,nan,99.73205031440332,-0.0,0,0.0,0.0,0.0
14,1,2,250.0,2,99.41293626664762,99.53,-29.33471406245011,0,250.0,0.0,29.26593333809535
14,2,3,250.0,0,nan,89.83,-0.13756144870952183,0,0.0,0.0,0.0
14,3,4,125.0,2,89.73103411307723,89.86,-16.22390695187849,0,125.0,0.0,16.120735865346347
14,4,5,31.0,3,85.19935657533304,85.35000000000001,-14.19459715797486,0,94.0,0.0,14.160481918694899
14,5,6,8.0,3,82.09744921430645,82.25,-3.5196729868483905,0,23.0,0.0,3.5086680709516287
14,6,7,4.0,2,81.16818071212639,81.32000000000001,-0.6138801010325432,0,4.0,0.0,0.6072771514944861
14,7,8,1.0,3,80.9012321272889,81.05,-0.44822947841520444,0,3.0,0.0,0.44630361813327113
14,8,9,0.0,4,80.697614601772,80.85000000000001,-0.1523853982280059,0,1.0,0.0,0.1523853982280059
15,0,1,500.0,0,nan,99.80465964909155,-0.0,0,0.0,0.0,0.0
15,1,2,250.0,2,99.95667504452403,100.03,-18.40006966875001,0,250.0,0.0,18.331238868992017
15,2,3,188.0,1,90.72220868451747,90.82000000000001,-6.166583082753424,0,62.0,0.0,6.063061559917401
15,3,4,47.0,3,88.4397474476016,88.57000000000001,-18.404430459238338,0,141.0,0.0,18.36560988817483
15,4,5,12.0,3,83.7270010209781,83.87,-5.0181797793204215,0,35.0,0.0,5.004964265766887
15,5,6,6.0,2,82.69237037493777,82.84,-0.8940374463443805,0,6.0,0.0,0.8857777503734212
15,6,7,2.0,3,82.69786020080586,82.85000000000001,-0.611863075164966,0,4.0,0.0,0.6085591967765822
15,7,8,1.0,2,82.60188037816852,82.75,-0.15004688422470736,0,1.0,0.0,0.14811962183148353
15,8,9,0.0,2,82.62853811966355,82.78,-0.15146188033645558,0,1.0,0.0,0.15146188033645558
16,0,1,125.0,3,99.81406578635406,99.99130150182002,-66.46339329973294,0,375.0,0.0,66.46339329973294
16,1,2,94.0,1,85.89754589596747,86.03,-4.132006003880716,0,31.0,0.0,4.106077225008519
16,2,3,70.0,1,84.70756135429652,84.85000000000001,-3.4571448271190115,0,24.0,0.0,3.4185274968838257
16,3,4,52.0,1,83.75132357692027,83.89,-2.539206354840056,0,18.0,0.0,2.496175615435135
16,4,5,0.0,4,82.95625399894224,83.12,-8.514792055003511,0,52.0,0.0,8.514792055003511
17,0,1,250.0,2,99.69740249060665,99.82555147596129,-32.03724633866045,0,250.0,0.0,32.03724633866045
17,1,2,62.0,3,89.95626726306078,90.13,-32.67882815613516,0,188.0,0.0,32.661754544572375
17,2,3,0.0,4,83.414976503162,83.57000000000001,-9.61145680395677,0,62.0,0.0,9.61145680395677
18,0,1,375.0,1,99.86107727273213,99.92026029693059,-7.397878024807625,0,125.0,0.0,7.397878024807625
18,1,2,0.0,4,95.01583786779236,95.13,-42.8107995778646,0,375.0,0.0,42.8107995778646
19,0,1,500.0,0,nan,100.17316947198698,-0.0,0,0.0,0.0,0.0
19,1,2,0.0,4,100.09963755081446,100.22,-60.181224592767535,0,500.0,0.0,60.181224592767535
20,0,1,125.0,3,99.98724592500398,100.14473216952113,-59.05734169393462,0,375.0,0.0,59.05734169393462
20,1,2,31.0,3,86.02712653132225,86.19,-15.318670156941826,0,94.0,0.0,15.310106055708019
20,2,3,31.0,0,nan,82.76,-0.01712820246761465,0,0.0,0.0,0.0
20,3,4,23.0,1,82.51643840516418,82.66,-1.167554790465004,0,8.0,0.0,1.1484927586865297
20,4,5,23.0,0,nan,82.31,-0.025416042371299158,0,0.0,0.0,0.0
20,5,6,23.0,0,nan,82.2,-0.03177005296412395,0,0.0,0.0,0.0
20,6,7,0.0,4,81.94371382786753,82.10000000000001,-3.5945819590470904,0,23.0,0.0,3.5945819590470904
21,0,1,500.0,0,nan,99.96535043523264,-0.0,0,0.0,0.0,0.0
21,1,2,0.0,4,99.86542876241954,99.98,-57.28561879023175,0,500.0,0.0,57.28561879023175
22,0,1,375.0,1,99.92679926890949,99.97522147514734,-6.052775779730624,0,125.0,0.0,6.052775779730624
22,1,2,281.0,1,95.13429776029803,95.21000000000001,-7.193508565736738,0,94.0,0.0,7.116010531986348
22,2,3,141.0,2,91.54615108128476,91.66,-16.016622447597634,0,140.0,0.0,15.93884862013283
22,3,4,35.0,3,86.57737605236723,86.71000000000001,-14.087096789088166,0,106.0,0.0,14.058138449074676
22,4,5,9.0,3,83.29659857877363,83.44,-3.7383655256045802,0,26.0,0.0,3.7284369518856693
22,5,6,2.0,3,82.65944766833003,82.82000000000001,-1.1266242588339737,0,7.0,0.0,1.1238663216898317
22,6,7,1.0,2,82.39081639235289,82.54,-0.15083836993360256,0,1.0,0.0,0.14918360764711736
22,7,8,1.0,0,nan,82.62,-0.0019305560008993972,0,0.0,0.0,0.0
22,8,9,0.0,2,82.38641721287452,82.54,-0.15358278712548667,0,1.0,0.0,0.15358278712548667
23,0,1,375.0,1,99.77803656144332,99.85451667736636,-9.560014490380908,0,125.0,0.0,9.560014490380908
23,1,2,281.0,1,94.88708958650783,94.98,-8.810983334985595,0,94.0,0.0,8.733578868264658
23,2,3,0.0,4,91.22115171126642,91.41,-53.06636913413631,0,281.0,0.0,53.06636913413631
24,0,1,0.0,4,99.98459036417223,100.09106924031934,-53.23943807355391,0,500.0,0.0,53.23943807355391
25,0,1,0.0,4,99.879952610468,99.99616924283636,-58.108316184181774,0,500.0,0.0,58.108316184181774
26,0,1,500.0,0,nan,100.08832524156226,-0.0,0,0.0,0.0,0.0
26,1,2,250.0,2,100.17284292768909,100.25,-19.35829450892876,0,250.0,0.0,19.289268077727684
26,2,3,188.0,1,90.7846957023105,90.89,-6.632682209275421,0,62.0,0.0,6.528866456749
26,3,4,141.0,1,88.64461279589449,88.76,-5.539991314551504,0,47.0,0.0,5.423198592959281
26,4,5,0.0,4,86.96077254029139,87.10000000000001,-19.631071818915615,0,141.0,0.0,19.631071818915615
27,0,1,375.0,1,100.30415804296385,100.38610347849458,-10.2431794413409,0,125.0,0.0,10.2431794413409
27,1,2,281.0,1,95.28591471541151,95.39,-9.861833289463029,0,94.0,0.0,9.784016751318319
27,2,3,70.0,3,91.55281051900921,91.74,-39.53575029453624,0,211.0,0.0,39.49698048905489
27,3,4,52.0,1,84.03730408636112,84.18,-2.6117270858935018,0,18.0,0.0,2.568526445499998
27,4,5,13.0,3,83.26397970107502,83.42,-6.099191871538952,0,39.0,0.0,6.084791658074451
27,5,6,13.0,0,nan,82.07000000000001,-0.018000266830626614,0,0.0,0.0,0.0
27,6,7,7.0,2,81.85315254496446,82.0,-0.8927156718576508,0,6.0,0.0,0.8810847302132458
27,7,8,5.0,1,81.51342568280133,81.66,-0.3028410857676778,0,2.0,0.0,0.2931486343973404
27,8,9,3.0,2,81.30118081920034,81.45,-0.304284613967557,0,2.0,0.0,0.29763836159932566
27,9,10,1.0,2,81.15019627578954,81.3,-0.30209979305900136,0,2.0,0.0,0.2996074484209146
27,10,11,0.0,2,80.90983703626877,81.06,-0.1501629637312334,0,1.0,0.0,0.1501629637312334
28,0,1,500.0,0,nan,100.17251320007585,-0.0,0,0.0,0.0,0.0
28,1,2,375.0,1,99.95771440087168,100.04,-10.38932662883396,0,125.0,0.0,10.285699891040778
28,2,3,94.0,3,95.00699333188835,95.2,-54.28682527725397,0,281.0,0.0,54.234873739373654
28,3,4,0.0,4,84.81784501289427,85.0,-17.12256878793889,0,94.0,0.0,17.12256878793889
29,0,1,125.0,3,99.79676399696899,99.96052995756295,-61.4122352227362,0,375.0,0.0,61.4122352227362
29,1,2,63.0,2,85.79385226241895,85.94,-9.078532180748514,0,62.0,0.0,9.061159730024855
29,2,3,63.0,0,nan,83.69,-0.034744901447318434,0,0.0,0.0,0.0
29,3,4,63.0,0,nan,83.48,-0.052117352170977654,0,0.0,0.0,0.0
29,4,5,47.0,1,83.23876108618684,83.38,-2.311664219995359,0,16.0,0.0,2.2598226210104713
29,5,6,35.0,1,82.51739001107342,82.66,-1.7595766746846795,0,12.0,0.0,1.7113198671189593
29,6,7,17.0,2,82.02803687998357,82.18,-2.76346298527695,0,18.0,0.0,2.7353361602957875
29,7,8,4.0,3,81.38804127659031,81.54,-1.983184493536508,0,13.0,0.0,1.9754634043259927
29,8,9,4.0,0,nan,80.87,-0.008824101954874522,0,0.0,0.0,0.0
29,9,10,3.0,1,80.55514272173536,80.7,-0.1523026142890634,0,1.0,0.0,0.144857278264638
29,10,11,3.0,0,nan,80.65,-0.008272595582694867,0,0.0,0.0,0.0
29,11,12,1.0,3,80.2941903270387,80.45,-0.3146526309695821,0,2.0,0.0,0.311619345922594
29,12,13,0.0,1,80.16238722813455,80.31,-0.14761277186545385,0,1.0,0.0,0.14761277186545385
30,0,1,0.0,4,99.58505968132076,99.80288719655933,-108.91375761928401,0,500.0,0.0,108.91375761928401
31,0,1,250.0,2,99.91592220771733,100.04038888675866,-31.116669760333338,0,250.0,0.0,31.116669760333338
31,1,2,0.0,4,90.28247061343752,90.47,-46.88234664061852,0,250.0,0.0,46.88234664061852
32,0,1,500.0,0,nan,100.02744832202745,-0.0,0,0.0,0.0,0.0
32,1,2,500.0,0,nan,100.33,-0.13796889423727926,0,0.0,0.0,0.0
32,2,3,375.0,1,100.29039942630911,100.34,-6.407025052717862,0,125.0,0.0,6.200071711361943
32,3,4,281.0,1,95.57850861055509,95.65,-6.9528061635061,0,94.0,0.0,6.7201906078220475
32,4,5,211.0,1,92.15884767608834,92.25,-6.6135541672885605,0,70.0,0.0,6.380662673816033
32,5,6,158.0,1,89.73507809030983,89.84,-5.778852066474259,0,53.0,0.0,5.560861213579358
32,6,7,118.0,1,88.08305277727861,88.2,-4.873252863095708,0,40.0,0.0,4.677888908855721
32,7,8,59.0,2,86.93522326911467,87.06,-7.475789428874451,0,59.0,0.0,7.361827122234459
32,8,9,15.0,3,84.9839185287986,85.13,-6.46069726747848,0,44.0,0.0,6.427584732861533
32,9,10,15.0,0,nan,83.74,-0.0372516014440654,0,0.0,0.0,0.0
32,10,11,7.0,2,83.70710415672765,83.86,-1.2424823913719956,0,8.0,0.0,1.2231667461787765
32,11,12,0.0,4,83.53642465851466,83.69,-1.0750273903973522,0,7.0,0.0,1.0750273903973522
33,0,1,0.0,4,99.75494875658538,99.88641137397914,-65.7313086968827,0,500.0,0.0,65.7313086968827
34,0,1,0.0,4,99.87252165168567,99.99896108146545,-63.219714889889644,0,500.0,0.0,63.219714889889644
35,0,1,375.0,1,100.00837249361635,100.11256767937098,-13.024398219329214,0,125.0,0.0,13.024398219329214
35,1,2,375.0,0,nan,95.08,-0.10356472518555619,0,0.0,0.0,0.0
35,2,3,281.0,1,94.87043969949275,94.97,-9.51387724915955,0,94.0,0.0,9.358668247681464
35,3,4,211.0,1,91.16718350589018,91.28,-8.071971843800757,0,70.0,0.0,7.897154587687538
35,4,5,53.0,3,88.56689143507454,88.74,-27.409701849527057,0,158.0,0.0,27.351153258222155
35,5,6,53.0,0,nan,83.23,-0.07318573913112637,0,0.0,0.0,0.0
35,6,7,27.0,2,82.93150124460529,83.08,-3.9057076015426757,0,26.0,0.0,3.8609676402625155
35,7,8,0.0,4,81.88468863159824,82.04,-4.193406946847759,0,27.0,0.0,4.193406946847759
36,0,1,500.0,0,nan,99.9121705927972,-0.0,0,0.0,0.0,0.0
36,1,2,500.0,0,nan,100.06,-0.13780989047282374,0,0.0,0.0,0.0
36,2,3,250.0,2,100.06832403162758,100.14,-18.05680198357726,0,250.0,0.0,17.918992093104436
36,3,4,250.0,0,nan,90.77,-0.20671483570923557,0,0.0,0.0,0.0
36,4,5,0.0,4,90.5960473204371,90.74,-35.988169890725175,0,250.0,0.0,35.988169890725175
37,0,1,500.0,0,nan,100.04901291666461,-0.0,0,0.0,0.0,0.0
37,1,2,0.0,4,99.95303400233917,100.07000000000001,-58.48299883042074,0,500.0,0.0,58.48299883042074
38,0,1,0.0,4,99.90161726494163,100.02029350396444,-59.338119511402,0,500.0,0.0,59.338119511402
39,0,1,250.0,2,99.884320440244,99.95933208895678,-18.75291217819708,0,250.0,0.0,18.75291217819708
39,1,2,0.0,4,90.40717777920274,90.53,-30.70555519931517,0,250.0,0.0,30.70555519931517
40,0,1,0.0,4,99.44160899357244,99.71505297568171,-136.72199105463534,0,500.0,0.0,136.72199105463534
41,0,1,0.0,4,99.8241413306328,100.02892398184412,-102.39132560565878,0,500.0,0.0,102.39132560565878
42,0,1,250.0,2,99.91487160377707,100.0358280637043,-30.23911498180709,0,250.0,0.0,30.23911498180709
42,1,2,188.0,1,90.1711530682742,90.29,-7.420390417141,0,62.0,0.0,7.368509767000376
42,2,3,141.0,1,88.04551110298124,88.17,-5.92879913509287,0,47.0,0.0,5.850978159881933
42,3,4,35.0,3,86.24333276898778,86.4,-16.635702382320822,0,106.0,0.0,16.606726487295475
42,4,5,35.0,0,nan,82.7,-0.03863452670046511,0,0.0,0.0,0.0
42,5,6,9.0,3,82.51820265720148,82.67,-3.959149153486588,0,26.0,0.0,3.9467309127614385
42,6,7,5.0,2,81.59753887923867,81.75,-0.6181233101954214,0,4.0,0.0,0.6098444830453218
42,7,8,4.0,1,81.46976834189707,81.62,-0.15795856344303205,0,1.0,0.0,0.15023165810293904
42,8,9,2.0,2,81.43501700009695,81.59,-0.3143813742861631,0,2.0,0.0,0.30996599980610995
42,9,10,1.0,1,81.36997798425438,81.52,-0.1525056638906497,0,1.0,0.0,0.1500220157456198
42,10,11,0.0,1,81.27378669684671,81.43,-0.15621330315329374,0,1.0,0.0,0.15621330315329374
43,0,1,500.0,0,nan,100.10040094294811,-0.0,0,0.0,0.0,0.0
43,1,2,125.0,3,100.20263784510401,100.29,-32.795325465635074,0,375.0,0.0,32.76080808599957
43,2,3,94.0,1,86.25593296195953,86.38,-3.8979923182262106,0,31.0,0.0,3.8460781792544196
43,3,4,24.0,3,85.30178815914292,85.44,-9.694710870665775,0,70.0,0.0,9.674828859995728
43,4,5,6.0,3,82.8016851557387,82.95,-2.6762945335935444,0,18.0,0.0,2.6696671967035286
43,5,6,4.0,1,82.23261904061155,82.38,-0.30028469951856496,0,2.0,0.0,0.29476191877688507
43,6,7,4.0,0,nan,82.5,-0.006627336890015876,0,0.0,0.0,0.0
43,7,8,4.0,0,nan,82.77,-0.007731893038351856,0,0.0,0.0,0.0
43,8,9,1.0,3,82.6296778236348,82.79,-0.48317564139231084,0,3.0,0.0,0.48096652909563886
43,9,10,1.0,0,nan,82.85000000000001,-0.0024852513337559534,0,0.0,0.0,0.0
43,10,11,0.0,4,82.73373061431144,82.88,-0.14626938568855508,0,1.0,0.0,0.14626938568855508
44,0,1,0.0,4,99.75710505490943,100.01203821928952,-127.46658219004559,0,500.0,0.0,127.46658219004559
45,0,1,500.0,0,nan,99.99042233752888,-0.0,0,0.0,0.0,0.0
45,1,2,375.0,1,100.07917832738613,100.13,-6.456147444668395,0,125.0,0.0,6.352709076733021
45,2,3,375.0,0,nan,95.5,-0.20687673587074942,0,0.0,0.0,0.0
45,3,4,187.0,2,95.51566307864924,95.60000000000001,-16.010085012375804,0,188.0,0.0,15.855341213944484
45,4,5,140.0,1,88.62695233986761,88.74,-5.467707989005384,0,47.0,0.0,5.313240026221891
45,5,6,105.0,1,87.05805032548041,87.18,-4.413052323295464,0,35.0,0.0,4.268238608185939
45,6,7,53.0,2,85.99100244943975,86.13,-7.315588365142087,0,52.0,0.0,7.227872629132889
45,7,8,0.0,4,84.37705842005595,84.52,-7.575903737034679,0,53.0,0.0,7.575903737034679
46,0,1,0.0,4,100.0017457567424,100.1337959695364,-66.02510639699943,0,500.0,0.0,66.02510639699943
47,0,1,250.0,2,100.04278129401463,100.18675062429958,-35.992332571236574,0,250.0,0.0,35.992332571236574
47,1,2,250.0,0,nan,90.54,-0.06909431077537903,0,0.0,0.0,0.0
47,2,3,188.0,1,90.25786910650662,90.38,-7.676033239995566,0,62.0,0.0,7.572115396589396
47,3,4,188.0,0,nan,88.12,-0.15587676510925505,0,0.0,0.0,0.0
47,4,5,188.0,0,nan,88.08,-0.20783568681234013,0,0.0,0.0,0.0
47,5,6,94.0,2,87.93563446207614,88.08,-13.700257869100612,0,94.0,0.0,13.5703605648429
47,6,7,47.0,2,84.59230693606145,84.74,-7.019512387666346,0,47.0,0.0,6.941574005111718
47,7,8,0.0,4,82.9161268715678,83.08,-7.702037036313428,0,47.0,0.0,7.702037036313428
48,0,1,375.0,1,99.88849185047341,99.95424641791112,-8.219320929713447,0,125.0,0.0,8.219320929713447
48,1,2,375.0,0,nan,95.07000000000001,-0.10340094457025288,0,0.0,0.0,0.0
48,2,3,94.0,3,95.09072214392363,95.19,-27.948915897671085,0,281.0,0.0,27.897077557459866
48,3,4,0.0,4,85.05863605845002,85.2,-13.288210505698402,0,94.0,0.0,13.288210505698402
49,0,1,125.0,3,100.09883239989841,100.26835642896741,-63.57151090087321,0,375.0,0.0,63.57151090087321
49,1,2,31.0,3,86.22126702243409,86.38,-14.929474564434448,0,94.0,0.0,14.920899891195006
49,2,3,8.0,3,82.9339716994472,83.09,-3.5930765505155158,0,23.0,0.0,3.588650912714513
49,3,4,4.0,2,81.94248734343037,82.09,-0.5933698546292777,0,4.0,0.0,0.5900506262785257
49,4,5,0.0,4,81.71588574016967,81.87,-0.6164570393213467,0,4.0,0.0,0.6164570393213467
50,0,1,125.0,3,100.06037204054175,100.23368451847527,-64.9921792250705,0,375.0,0.0,64.9921792250705
50,1,2,31.0,3,85.97340845250886,86.13,-14.728177172359725,0,94.0,0.0,14.71960546416642
50,2,3,23.0,1,82.72399024139092,82.87,-1.1807973778046597,0,8.0,0.0,1.16807806887266
50,3,4,0.0,4,82.34574116185155,82.5,-3.547953277414365,0,23.0,0.0,3.547953277414365
51,0,1,0.0,4,99.55870442399515,99.6832343156166,-62.264945810724726,0,500.0,0.0,62.264945810724726
52,0,1,0.0,4,100.17609856444052,100.2882581758757,-56.079805717587305,0,500.0,0.0,56.079805717587305
53,0,1,250.0,2,99.96646917946246,100.12174388795145,-38.81867712224718,0,250.0,0.0,38.81867712224718
53,1,2,62.0,3,90.48826607913756,90.64,-28.543101392817608,0,188.0,0.0,28.52597712213884
53,2,3,62.0,0,nan,84.05,-0.03424854135753374,0,0.0,0.0,0.0
53,3,4,16.0,3,83.84889134460803,84.01,-7.424255647910979,0,46.0,0.0,7.410998148030643
53,4,5,4.0,3,82.22569690934472,82.38,-1.8560562544900883,0,12.0,0.0,1.8516370878633097
53,5,6,2.0,2,81.8586773164525,82.01,-0.30540734623674703,0,2.0,0.0,0.30264536709501044
53,6,7,0.0,4,81.77924599237036,81.93,-0.3015080152592873,0,2.0,0.0,0.3015080152592873
54,0,1,250.0,2,99.7974702986503,99.91498543458059,-29.378783982572543,0,250.0,0.0,29.378783982572543
54,1,2,0.0,4,90.10025955273007,90.33,-57.435111817483175,0,250.0,0.0,57.435111817483175
55,0,1,0.0,4,99.63435704228888,99.92959869622337,-147.62082696724121,0,500.0,0.0,147.62082696724121
56,0,1,500.0,0,nan,99.75103366581608,-0.0,0,0.0,0.0,0.0
56,1,2,250.0,2,99.61626569169553,99.71000000000001,-23.502370892440403,0,250.0,0.0,23.43357707611915
56,2,3,0.0,4,89.95650847252473,90.13,-43.37288186881594,0,250.0,0.0,43.37288186881594
57,0,1,500.0,0,nan,99.7845192200303,-0.0,0,0.0,0.0,0.0
57,1,2,375.0,1,99.82792855911758,99.88,-6.612155475012223,0,125.0,0.0,6.508930110301847
57,2,3,94.0,3,94.8619001474819,94.98,-33.2378088737608,0,281.0,0.0,33.186058557585994
57,3,4,0.0,4,84.88490588460127,85.03,-13.638846847481034,0,94.0,0.0,13.638846847481034
58,0,1,500.0,0,nan,100.18610230374298,-0.0,0,0.0,0.0,0.0
58,1,2,500.0,0,nan,100.09,-0.13818772731550757,0,0.0,0.0,0.0
58,2,3,250.0,2,99.87772759641506,100.0,-30.70628862355147,0,250.0,0.0,30.56810089623596
58,3,4,188.0,1,90.178460914202,90.29,-7.071299075887912,0,62.0,0.0,6.9154233194760195
58,4,5,188.0,0,nan,87.99,-0.20783434188252342,0,0.0,0.0,0.0
58,5,6,188.0,0,nan,87.77,-0.25979292735315423,0,0.0,0.0,0.0
58,6,7,47.0,3,87.73046406853112,87.88,-21.1625042153174,0,141.0,0.0,21.084566337111454
58,7,8,35.0,1,82.97786782640108,83.12,-1.7732980695716847,0,12.0,0.0,1.705586083187086
58,8,9,35.0,0,nan,82.8,-0.07738512729668424,0,0.0,0.0,0.0
58,9,10,35.0,0,nan,82.73,-0.08705826820876979,0,0.0,0.0,0.0
58,10,11,9.0,3,82.48006486116667,82.63,-3.923187400583322,0,26.0,0.0,3.8983136096665305
58,11,12,7.0,1,81.55702666789894,81.71000000000001,-0.3272275742087273,0,2.0,0.0,0.3059466642021391
58,12,13,5.0,1,81.47337079957195,81.62,-0.3098409281339646,0,2.0,0.0,0.29325840085610366
58,13,14,1.0,3,81.30586741561203,81.46000000000001,-0.6201232184621247,0,4.0,0.0,0.6165303375519215
58,14,15,0.0,4,81.1310940555451,81.29,-0.1589059444549008,0,1.0,0.0,0.1589059444549008
59,0,1,125.0,3,99.81746445972912,99.9260927154109,-40.73559588066722,0,375.0,0.0,40.73559588066722
59,1,2,0.0,4,86.0613415627863,86.2,-17.332304651713315,0,125.0,0.0,17.332304651713315
60,0,1,0.0,4,99.88371986639993,99.98316330328988,-49.72171844497808,0,500.0,0.0,49.72171844497808
61,0,1,500.0,0,nan,100.10657179035363,-0.0,0,0.0,0.0,0.0
61,1,2,250.0,2,99.9091792348174,100.03,-30.274230310677854,0,250.0,0.0,30.205191295650025
61,2,3,250.0,0,nan,90.49,-0.1380780300556602,0,0.0,0.0,0.0
61,3,4,0.0,4,90.26078302665542,90.47,-52.30424333614536,0,250.0,0.0,52.30424333614536
62,0,1,250.0,2,100.24844703287926,100.39925554846442,-37.70212889629221,0,250.0,0.0,37.70212889629221
62,1,2,125.0,2,90.57462303524271,90.71000000000001,-16.956741027610107,0,125.0,0.0,16.92212059466236
62,2,3,0.0,4,86.07894346259495,86.25,-21.382067175631292,0,125.0,0.0,21.382067175631292
63,0,1,125.0,3,100.04983161267839,100.1359518622168,-32.295093576903966,0,375.0,0.0,32.295093576903966
63,1,2,63.0,2,86.14769066099937,86.28,-8.220581955879805,0,62.0,0.0,8.203179018038924
63,2,3,31.0,2,84.06334432133835,84.2,-4.39010841790523,0,32.0,0.0,4.372981717172934
63,3,4,8.0,3,83.0776230536885,83.22,-3.281299455770568,0,23.0,0.0,3.274669765164518
63,4,5,8.0,0,nan,82.64,-0.008839587474733622,0,0.0,0.0,0.0
63,5,6,2.0,3,82.64786106397615,82.8,-0.9155959872289295,0,6.0,0.0,0.9128336161430752
63,6,7,1.0,1,82.43386737153274,82.58,-0.14779005111876917,0,1.0,0.0,0.1461326284672566
63,7,8,1.0,0,nan,82.68,-0.00193365976009798,0,0.0,0.0,0.0
63,8,9,0.0,1,82.63298645407356,82.78,-0.14701354592644122,0,1.0,0.0,0.14701354592644122
64,0,1,500.0,0,nan,99.98348508985337,-0.0,0,0.0,0.0,0.0
64,1,2,250.0,2,99.9203336608395,99.99000000000001,-17.485538917774598,0,250.0,0.0,17.41658479012642
64,2,3,188.0,1,90.47298478004868,90.57000000000001,-6.1186506449653635,0,62.0,0.0,6.014943636982508
64,3,4,141.0,1,88.3421764772932,88.45,-5.184375951200742,0,47.0,0.0,5.067705567220031
64,4,5,141.0,0,nan,86.85000000000001,-0.15556051197428222,0,0.0,0.0,0.0
64,5,6,35.0,3,86.79610438938661,86.93,-14.241202614373433,0,106.0,0.0,14.192934725019711
64,6,7,0.0,4,83.32028190853238,83.47,-5.240133201366675,0,35.0,0.0,5.240133201366675
65,0,1,250.0,2,100.0025190510124,100.08785403090997,-21.333744974391777,0,250.0,0.0,21.333744974391777
65,1,2,0.0,4,90.65560517200453,90.78,-31.09870699886841,0,250.0,0.0,31.09870699886841
66,0,1,0.0,4,99.83830308504771,99.94275845417177,-52.227684562026866,0,500.0,0.0,52.227684562026866
67,0,1,375.0,1,100.02783317491114,100.11051731576907,-10.33551760724194,0,125.0,0.0,10.33551760724194
67,1,2,187.0,2,95.00317664588495,95.13,-23.894433792216468,0,188.0,0.0,23.842790573628747
67,2,3,0.0,4,87.94999151344452,88.12,-31.79158698587635,0,187.0,0.0,31.79158698587635
68,0,1,375.0,1,100.01287232008865,100.06092863573004,-6.007039455173668,0,125.0,0.0,6.007039455173668
68,1,2,94.0,3,95.28973569236445,95.4,-31.0102172795008,0,281.0,0.0,30.9842704455925
68,2,3,70.0,1,85.24103067137388,85.37,-3.133908107741534,0,24.0,0.0,3.095263887027045
68,3,4,35.0,2,84.44228020764261,84.58,-4.849175898044426,0,35.0,0.0,4.820192732508559
68,4,5,35.0,0,nan,83.56,-0.03864422071448884,0,0.0,0.0,0.0
68,5,6,9.0,3,83.47686988162678,83.62,-3.7338044343619914,0,26.0,0.0,3.721383077703763
68,6,7,9.0,0,nan,82.81,-0.014905627989874265,0,0.0,0.0,0.0
68,7,8,2.0,3,82.68993514066136,82.84,-1.0543184374419399,0,7.0,0.0,1.0504540153704909
68,8,9,0.0,3,82.5720912660652,82.73,-0.31581746786960707,0,2.0,0.0,0.31581746786960707
69,0,1,375.0,1,100.10222918383265,100.1470228149551,-5.59920389030566,0,125.0,0.0,5.59920389030566
69,1,2,187.0,2,95.43323341476099,95.53,-18.243780075323908,0,188.0,0.0,18.192118024933848
69,2,3,93.0,2,88.65379626934616,88.77,-10.974536464201556,0,94.0,0.0,10.92315068146064
69,3,4,0.0,4,85.44337105796038,85.59,-13.636491609685265,0,93.0,0.0,13.636491609685265
70,0,1,250.0,2,100.26524861641924,100.39816910345951,-33.23012176006657,0,250.0,0.0,33.23012176006657
70,1,2,62.0,3,90.6176716204423,90.81,-36.17490690577158,0,188.0,0.0,36.15773535684906
70,2,3,31.0,2,83.99764648890202,84.15,-4.740130392960058,0,31.0,0.0,4.722958844037535
70,3,4,8.0,3,82.84132616971974,82.99,-3.4261451476417784,0,23.0,0.0,3.419498096445963
70,4,5,2.0,3,81.96485843994827,82.12,-0.9330650440423282,0,6.0,0.0,0.9308493603103898
70,5,6,0.0,4,81.64385108973177,81.79,-0.2922978205364757,0,2.0,0.0,0.2922978205364757
71,0,1,500.0,0,nan,99.94275651217025,-0.0,0,0.0,0.0,0.0
71,1,2,125.0,3,100.02722369332871,100.13,-38.57557802121992,0,375.0,0.0,38.54111500173296
71,2,3,63.0,2,86.20111947034259,86.33,-8.025331562402163,0,62.0,0.0,7.990592838759312
71,3,4,31.0,2,84.31335277570695,84.45,-4.398351663876118,0,32.0,0.0,4.372711177377823
71,4,5,8.0,3,83.35166563580867,83.5,-3.4205129093892035,0,23.0,0.0,3.411690376400543
71,5,6,0.0,4,82.66294100309777,82.81,-1.1764719752178507,0,8.0,0.0,1.1764719752178507
72,0,1,125.0,3,99.8919904166233,100.06150270669526,-63.56710877698646,0,375.0,0.0,63.56710877698646
72,1,2,0.0,4,85.86204763607094,86.04,-22.244045491133235,0,125.0,0.0,22.244045491133235
73,0,1,250.0,2,99.83029914664681,99.91295132134188,-20.66304367376759,0,250.0,0.0,20.66304367376759
73,1,2,62.0,3,90.39870410815861,90.52,-22.82071622613045,0,188.0,0.0,22.80362766618032
73,2,3,62.0,0,nan,84.08,-0.034177119900265916,0,0.0,0.0,0.0
73,3,4,62.0,0,nan,84.14,-0.051265679850398864,0,0.0,0.0,0.0
73,4,5,0.0,4,84.17536880307055,84.32000000000001,-8.967134209626067,0,62.0,0.0,8.967134209626067
74,0,1,375.0,1,99.82184589075797,99.89214713459614,-8.787655479771672,0,125.0,0.0,8.787655479771672
74,1,2,281.0,1,94.95074777809607,95.04,-8.467142495783055,0,94.0,0.0,8.389708858969755
74,2,3,211.0,1,91.38783201925929,91.5,-7.968046889341397,0,70.0,0.0,7.851758651849536
74,3,4,211.0,0,nan,88.95,-0.17443235623779133,0,0.0,0.0,0.0
74,4,5,211.0,0,nan,88.81,-0.23257647498372178,0,0.0,0.0,0.0
74,5,6,158.0,1,88.5796760423226,88.7,-6.594865746519641,0,53.0,0.0,6.377169756902177
74,6,7,79.0,2,86.60356584717238,86.74,-10.90891566715234,0,79.0,0.0,10.778298073381862
74,7,8,20.0,3,83.8780065571013,84.03,-9.006192167158039,0,59.0,0.0,8.967613131023299
74,8,9,20.0,0,nan,81.95,-0.044090327011132094,0,0.0,0.0,0.0
74,9,10,0.0,4,81.72763621246352,81.88,-3.0472757507294546,0,20.0,0.0,3.0472757507294546
75,0,1,250.0,2,100.0928099616526,100.16626088342124,-18.362730442159858,0,250.0,0.0,18.362730442159858
75,1,2,62.0,3,90.56682085100373,90.69,-23.174811895919138,0,188.0,0.0,23.157680011299078
75,2,3,46.0,1,84.18602677599787,84.33,-2.3289930902444023,0,16.0,0.0,2.303571584033989
75,3,4,12.0,3,83.73221775669919,83.88,-5.034543818135964,0,34.0,0.0,5.024596272227541
75,4,5,6.0,2,82.66297854920356,82.81,-0.8887604020509471,0,6.0,0.0,0.8821287047786655
75,5,6,6.0,0,nan,82.64,-0.008289621590352104,0,0.0,0.0,0.0
75,6,7,4.0,1,82.62154229447428,82.77,-0.3035471083237113,0,2.0,0.0,0.2969154110514296
75,7,8,3.0,1,82.62729915075245,82.78,-0.15850358436079814,0,1.0,0.0,0.15270084924755167
75,8,9,3.0,0,nan,82.81,-0.006631697272281683,0,0.0,0.0,0.0
75,9,10,1.0,3,82.7954413630573,82.95,-0.3116041603625254,0,2.0,0.0,0.30911727388541976
75,10,11,0.0,2,82.91665559836444,83.07000000000001,-0.1533444016355645,0,1.0,0.0,0.1533444016355645
76,0,1,250.0,2,99.91622728667386,99.99391468741835,-19.421850186123635,0,250.0,0.0,19.421850186123635
76,1,2,188.0,1,90.43430531907808,90.54,-6.6049291301560675,0,62.0,0.0,6.553070217159558
76,2,3,188.0,0,nan,88.51,-0.10371782599301878,0,0.0,0.0,0.0
76,3,4,47.0,3,88.52309291550745,88.65,-17.93279309819805,0,141.0,0.0,17.89389891345067
76,4,5,23.0,2,83.81087457889001,83.95,-3.3643878725743375,0,24.0,0.0,3.3390101066398756
76,5,6,17.0,1,83.16578516504923,83.31,-0.8887358586658273,0,6.0,0.0,0.8652890097046395
76,6,7,4.0,3,83.06579839799247,83.21000000000001,-1.88124111286355,0,13.0,0.0,1.8746208260980382
76,7,8,3.0,1,82.73475755724115,82.88,-0.15103519367866544,0,1.0,0.0,0.14524244275884257
76,8,9,1.0,2,82.67047194309465,82.82000000000001,-0.3012628760658775,0,2.0,0.0,0.29905611381070685
76,9,10,0.0,4,82.68743595506488,82.84,-0.15256404493511866,0,1.0,0.0,0.15256404493511866
77,0,1,0.0,4,99.51382704542577,99.64490802892028,-65.54049174725662,0,500.0,0.0,65.54049174725662
78,0,1,500.0,0,nan,99.8606911463281,-0.0,0,0.0,0.0,0.0
78,1,2,250.0,2,99.92450314420586,100.0,-18.943083390705493,0,250.0,0.0,18.874213948535612
78,2,3,62.0,3,90.36024121797537,90.49,-24.428810263945486,0,188.0,0.0,24.394651020629226
78,3,4,16.0,3,83.78849333114682,83.94,-6.982529700142585,0,46.0,0.0,6.969306767245968
78,4,5,4.0,3,82.31221632968412,82.46000000000001,-1.7778116880895352,0,12.0,0.0,1.7734040437906629
78,5,6,4.0,0,nan,82.11,-0.005509555373590516,0,0.0,0.0,0.0
78,6,7,0.0,4,82.10011718505511,82.25,-0.5995312597795532,0,4.0,0.0,0.5995312597795532
79,0,1,375.0,1,100.04640756727183,100.1006205720551,-6.776625597909813,0,125.0,0.0,6.776625597909813
79,1,2,375.0,0,nan,95.34,-0.10355236610902252,0,0.0,0.0,0.0
79,2,3,375.0,0,nan,95.59,-0.20710473221804504,0,0.0,0.0,0.0
79,3,4,281.0,1,95.65358434964647,95.73,-7.415856852245741,0,94.0,0.0,7.183071133232659
79,4,5,0.0,4,92.09638693737007,92.22,-34.73527059900992,0,281.0,0.0,34.73527059900992
80,0,1,500.0,0,nan,100.07240654154295,-0.0,0,0.0,0.0,0.0
80,1,2,500.0,0,nan,100.21000000000001,-0.138030905574542,0,0.0,0.0,0.0
80,2,3,0.0,4,100.18732515496825,100.3,-56.337422515873925,0,500.0,0.0,56.337422515873925
81,0,1,375.0,1,99.78902022078121,99.84122119360835,-6.525121603392137,0,125.0,0.0,6.525121603392137
81,1,2,281.0,1,94.96900033426293,95.05,-7.691362739713047,0,94.0,0.0,7.613968579284347
81,2,3,211.0,1,91.50779382213761,91.60000000000001,-6.570661403039875,0,70.0,0.0,6.454432450367591
81,3,4,53.0,3,89.10683223353449,89.23,-19.504299526847127,0,158.0,0.0,19.460507101551173
81,4,5,13.0,3,83.72932049618684,83.87,-5.641502203566607,0,40.0,0.0,5.627180152526421
81,5,6,10.0,1,82.3921130029028,82.54,-0.45743219421486464,0,3.0,0.0,0.4436609912916083
81,6,7,2.0,3,82.49073335221539,82.64,-1.1974382709784959,0,8.0,0.0,1.1941331822769143
81,7,8,0.0,3,82.43266062974233,82.58,-0.29467874051533727,0,2.0,0.0,0.29467874051533727
82,0,1,0.0,4,100.05711652406993,100.16126193293933,-52.0727044346998,0,500.0,0.0,52.0727044346998
83,0,1,0.0,4,99.86551751805467,99.98360636202683,-59.04442198607995,0,500.0,0.0,59.04442198607995
84,0,1,500.0,0,nan,99.80318136483805,-0.0,0,0.0,0.0,0.0
84,1,2,500.0,0,nan,99.91,-0.13765956050322492,0,0.0,0.0,0.0
84,2,3,125.0,3,99.96333815735987,100.06,-36.31702077030078,0,375.0,0.0,36.24819099004917
84,3,4,0.0,4,86.26327782209685,86.4,-17.090272237894055,0,125.0,0.0,17.090272237894055
85,0,1,125.0,3,99.58790681121742,99.79762321151566,-78.64365011183772,0,375.0,0.0,78.64365011183772
85,1,2,0.0,4,85.58868384275762,85.77,-22.664519655297255,0,125.0,0.0,22.664519655297255
86,0,1,500.0,0,nan,100.17679992861954,-0.0,0,0.0,0.0,0.0
86,1,2,250.0,2,100.2704754249002,100.34,-17.450231223178005,0,250.0,0.0,17.38114377495137
86,2,3,250.0,0,nan,90.81,-0.13817489645326836,0,0.0,0.0,0.0
86,3,4,62.0,3,90.83762267397499,90.96000000000001,-23.0583383541838,0,188.0,0.0,23.006937292703185
86,4,5,0.0,4,84.44059079806149,84.59,-9.263370520187664,0,62.0,0.0,9.263370520187664
87,0,1,500.0,0,nan,99.900526714629,-0.0,0,0.0,0.0,0.0
87,1,2,125.0,3,99.58891712969033,99.78,-71.6905248236145,0,375.0,0.0,71.6560763661267
87,2,3,94.0,1,85.56990792538645,85.7,-4.084664793081936,0,31.0,0.0,4.03285431302028
87,3,4,0.0,4,84.3589770666807,84.53,-16.076155732014854,0,94.0,0.0,16.076155732014854
88,0,1,375.0,1,100.23495782677776,100.31694536380911,-10.248442128919066,0,125.0,0.0,10.248442128919066
88,1,2,281.0,1,95.23833694283807,95.34,-9.634090301903322,0,94.0,0.0,9.556327373221308
88,2,3,281.0,0,nan,91.49,-0.1555258573640296,0,0.0,0.0,0.0
88,3,4,141.0,2,91.20121962682042,91.34,-19.54631174276651,0,140.0,0.0,19.42925224514198
88,4,5,106.0,1,86.16797856760017,86.3,-4.738086368019383,0,35.0,0.0,4.620750133993852
88,5,6,53.0,2,84.88265340462766,85.03,-7.882704701000004,0,53.0,0.0,7.809369554734047
88,6,7,40.0,1,82.98586896012706,83.13,-1.940120254588975,0,13.0,0.0,1.8737035183481083
88,7,8,10.0,3,82.40624591842446,82.56,-4.631993995336514,0,30.0,0.0,4.612622447266261
88,8,9,2.0,3,81.20339213309337,81.36,-1.2572907176690638,0,8.0,0.0,1.252862935253006
88,9,10,0.0,3,80.81391361769295,80.97,-0.3121727646141039,0,2.0,0.0,0.3121727646141039
89,0,1,500.0,0,nan,99.87690162787354,-0.0,0,0.0,0.0,0.0
89,1,2,125.0,3,99.99428535446906,100.09,-35.927432385011286,0,375.0,0.0,35.89299207410512
89,2,3,63.0,2,86.1427730056155,86.27,-7.9227894852324345,0,62.0,0.0,7.888073651839022
89,3,4,63.0,0,nan,84.27,-0.052073750090118893,0,0.0,0.0,0.0
89,4,5,16.0,3,84.2512506887893,84.39,-6.538851066086965,0,47.0,0.0,6.5212176269030095
89,5,6,4.0,3,82.85310740731016,83.0,-1.7682215620230408,0,12.0,0.0,1.7627111122780548
89,6,7,2.0,2,82.61448663005895,82.76,-0.29433300972910503,0,2.0,0.0,0.29102673988211336
89,7,8,2.0,0,nan,82.8,-0.003857314821490289,0,0.0,0.0,0.0
89,8,9,2.0,0,nan,82.94,-0.004408359795988901,0,0.0,0.0,0.0
89,9,10,1.0,2,82.74933174964696,82.9,-0.15314795273829362,0,1.0,0.0,0.15066825035304987
89,10,11,0.0,1,82.79076646741545,82.95,-0.15923353258455109,0,1.0,0.0,0.15923353258455109
90,0,1,0.0,4,99.69544442542922,99.93611424914151,-120.33491185614764,0,500.0,0.0,120.33491185614764
91,0,1,250.0,2,99.94496437577517,100.08407897580625,-34.778650007769585,0,250.0,0.0,34.778650007769585
91,1,2,62.0,3,90.30335612367571,90.48,-33.226166577646836,0,188.0,0.0,33.209048748966836
91,2,3,46.0,1,83.78037590010344,83.92,-2.2593862473540756,0,16.0,0.0,2.2339855983450434
91,3,4,0.0,4,83.19008182510615,83.35000000000001,-7.3562360451175834,0,46.0,0.0,7.3562360451175834
92,0,1,500.0,0,nan,100.00757725944621,-0.0,0,0.0,0.0,0.0
92,1,2,125.0,3,99.96985114387351,100.06,-33.84030641890246,0,375.0,0.0,33.80582104743368
92,2,3,0.0,4,86.1737537640031,86.31,-17.030779499613402,0,125.0,0.0,17.030779499613402
93,0,1,500.0,0,nan,100.11712811038376,-0.0,0,0.0,0.0,0.0
93,1,2,0.0,4,100.22153528507165,100.32000000000001,-49.23235746417731,0,500.0,0.0,49.23235746417731
94,0,1,125.0,3,99.8612057315568,100.09049526203873,-85.98357393072575,0,375.0,0.0,85.98357393072575
94,1,2,0.0,4,85.96198773876702,86.13,-21.001532654121746,0,125.0,0.0,21.001532654121746
95,0,1,375.0,1,100.06547116990671,100.14333108380436,-9.732489237205044,0,125.0,0.0,9.732489237205044
95,1,2,375.0,0,nan,95.28,-0.103596549397039,0,0.0,0.0,0.0
95,2,3,281.0,1,95.03893186023744,95.14,-9.655661833043702,0,94.0,0.0,9.500405137680673
95,3,4,281.0,0,nan,91.43,-0.2328850430445437,0,0.0,0.0,0.0
95,4,5,281.0,0,nan,91.2,-0.31051339072605827,0,0.0,0.0,0.0
95,5,6,281.0,0,nan,90.91,-0.3881417384075728,0,0.0,0.0,0.0
95,6,7,70.0,3,90.78520730858881,90.94,-32.77728602308542,0,211.0,0.0,32.66125788776074
95,7,8,52.0,1,83.37880738447271,83.52,-2.642024796772577,0,18.0,0.0,2.5414670794911842
95,8,9,26.0,2,82.63347135665308,82.78,-3.867206279752299,0,26.0,0.0,3.8097447270200746
95,9,10,26.0,0,nan,81.81,-0.06464424682375233,0,0.0,0.0,0.0
95,10,11,13.0,2,81.4890490111593,81.64,-1.9982763253868083,0,13.0,0.0,1.962362854929168
95,11,12,10.0,1,80.85071334924027,81.0,-0.47824827343566717,0,3.0,0.0,0.4478599522792024
95,12,13,10.0,0,nan,80.86,-0.03315089580705247,0,0.0,0.0,0.0
95,13,14,10.0,0,nan,80.85000000000001,-0.035913470457640186,0,0.0,0.0,0.0
95,14,15,10.0,0,nan,80.65,-0.03867604510822789,0,0.0,0.0,0.0
95,15,16,0.0,4,80.43176026971348,80.59,-1.582397302865246,0,10.0,0.0,1.582397302865246
96,0,1,375.0,1,100.04323420877948,100.09722286690146,-6.748582265247549,0,125.0,0.0,6.748582265247549
96,1,2,281.0,1,95.1655882846761,95.25,-8.012293846309896,0,94.0,0.0,7.934701240446174
96,2,3,211.0,1,91.64983535824226,91.75,-7.128051896972604,0,70.0,0.0,7.011524923042032
96,3,4,0.0,4,89.13116117440147,89.27,-29.294992201289034,0,211.0,0.0,29.294992201289034
97,0,1,0.0,4,99.79949931119211,99.90663149119459,-53.56609000124024,0,500.0,0.0,53.56609000124024
98,0,1,0.0,4,100.09014740431695,100.29820168043318,-104.02713805811459,0,500.0,0.0,104.02713805811459
99,0,1,250.0,2,100.0096390002355,100.07381864618318,-16.04491148692233,0,250.0,0.0,16.04491148692233
99,1,2,188.0,1,90.5628317429854,90.66,-6.076332287748005,0,62.0,0.0,6.024431934905294
99,2,3,94.0,2,88.50458030221849,88.62,-10.90135194430549,0,94.0,0.0,10.849451591462781
99,3,4,0.0,4,85.3170692756513,85.46000000000001,-13.435488088777959,0,94.0,0.0,13.435488088777959
100,0,1,125.0,3,99.72864948137803,99.99337630090325,-99.27255732195839,0,375.0,0.0,99.27255732195839
100,1,2,0.0,4,85.87287247262013,86.06,-23.39094092248395,0,125.0,0.0,23.39094092248395
101,0,1,125.0,3,100.13189961256579,100.30200148014,-63.78820034033161,0,375.0,0.0,63.78820034033161
101,1,2,31.0,3,86.02406777937038,86.18,-14.666206289655964,0,94.0,0.0,14.65762873918456
101,2,3,31.0,0,nan,82.85000000000001,-0.017155100942810156,0,0.0,0.0,0.0
101,3,4,23.0,1,82.49046054968487,82.64,-1.2154075696993425,0,8.0,0.0,1.1963156025210537
101,4,5,23.0,0,nan,82.3,-0.02545595623771829,0,0.0,0.0,0.0
101,5,6,0.0,4,82.08677577420788,82.24,-3.524157193218656,0,23.0,0.0,3.524157193218656
102,0,1,250.0,2,99.93177677894481,100.00011994554787,-17.085791650764293,0,250.0,0.0,17.085791650764293
102,1,2,62.0,3,90.48417334332571,90.60000000000001,-21.79251492355926,0,188.0,0.0,21.775411454768573
102,2,3,16.0,3,83.99592642739569,84.14,-6.63621193659359,0,46.0,0.0,6.627384339798397
102,3,4,8.0,2,82.6051302321493,82.75,-1.1655788404019403,0,8.0,0.0,1.1589581428055453
102,4,5,8.0,0,nan,82.60000000000001,-0.00882759679519319,0,0.0,0.0,0.0
102,5,6,0.0,4,82.65113564520844,82.8,-1.1909148383324464,0,8.0,0.0,1.1909148383324464
103,0,1,500.0,0,nan,100.18578742770647,-0.0,0,0.0,0.0,0.0
103,1,2,375.0,1,100.36081558507429,100.42,-7.501692335466539,0,125.0,0.0,7.3980518657137395
103,2,3,0.0,4,95.59895837668334,95.72,-45.39060874374634,0,375.0,0.0,45.39060874374634
104,0,1,125.0,3,99.82787317262213,100.01884568113859,-71.61469069366966,0,375.0,0.0,71.61469069366966
104,1,2,125.0,0,nan,86.04,-0.0344892571314271,0,0.0,0.0,0.0
104,2,3,125.0,0,nan,85.84,-0.0689785142628542,0,0.0,0.0,0.0
104,3,4,94.0,1,85.6357134905415,85.78,-4.550689557301874,0,31.0,0.0,4.472881793213375
104,4,5,94.0,0,nan,84.48,-0.10374368545133274,0,0.0,0.0,0.0
104,5,6,70.0,1,84.2885568889389,84.43,-3.491204585434579,0,24.0,0.0,3.394634665466583
104,6,7,0.0,4,83.35651869759035,83.52,-11.443691168675514,0,70.0,0.0,11.443691168675514
105,0,1,125.0,3,99.73226019693415,99.9134745751806,-67.95539184241939,0,375.0,0.0,67.95539184241939
105,1,2,125.0,0,nan,85.91,-0.034452922267303655,0,0.0,0.0,0.0
105,2,3,125.0,0,nan,85.76,-0.06890584453460731,0,0.0,0.0,0.0
105,3,4,0.0,4,85.5018321733042,85.69,-23.520978336975418,0,125.0,0.0,23.520978336975418
106,0,1,250.0,2,99.8683820679857,99.99110388150714,-30.680453380359296,0,250.0,0.0,30.680453380359296
106,1,2,250.0,0,nan,90.46000000000001,-0.06895938198724631,0,0.0,0.0,0.0
106,2,3,250.0,0,nan,90.43,-0.13791876397449263,0,0.0,0.0,0.0
106,3,4,62.0,3,90.16120480267435,90.34,-33.66480287742173,0,188.0,0.0,33.61349709722322
106,4,5,16.0,3,83.63570085186366,83.79,-7.115414416060643,0,46.0,0.0,7.097760814271908
106,5,6,8.0,2,82.00286419056232,82.15,-1.1881199766194421,0,8.0,0.0,1.1770864755014827
106,6,7,2.0,3,81.55331767611109,81.7,-0.8834039936688511,0,6.0,0.0,0.8800939433334634
106,7,8,2.0,0,nan,81.45,-0.0038617253912857936,0,0.0,0.0,0.0
106,8,9,1.0,1,81.2128318388923,81.36,-0.14937486133129213,0,1.0,0.0,0.14716816110770026
106,9,10,0.0,2,80.94215743267173,81.09,-0.14784256732826861,0,1.0,0.0,0.14784256732826861
107,0,1,375.0,1,99.79187928591702,99.86610176406474,-9.277809768464707,0,125.0,0.0,9.277809768464707
107,1,2,375.0,0,nan,94.89,-0.10330976044558421,0,0.0,0.0,0.0
107,2,3,375.0,0,nan,94.85000000000001,-0.20661952089116842,0,0.0,0.0,0.0
107,3,4,0.0,4,94.40688052608527,94.66,-94.91980271802092,0,375.0,0.0,94.91980271802092
108,0,1,375.0,1,99.83455244668244,99.89112637788821,-7.071741400721976,0,125.0,0.0,7.071741400721976
108,1,2,375.0,0,nan,95.08,-0.10333564797712574,0,0.0,0.0,0.0
108,2,3,94.0,3,94.82834297194533,94.94,-31.427430488213503,0,281.0,0.0,31.37562488336097
108,3,4,47.0,2,84.74644117802946,84.88,-6.316118836254713,0,47.0,0.0,6.277264632615314
108,4,5,12.0,3,83.2650762379027,83.41,-5.085558636346303,0,35.0,0.0,5.07233167340523
108,5,6,0.0,4,82.10210653195378,82.25,-1.7747216165546433,0,12.0,0.0,1.7747216165546433
109,0,1,500.0,0,nan,100.14476292137881,-0.0,0,0.0,0.0,0.0
109,1,2,250.0,2,99.8321542524621,99.96000000000001,-32.03050223821494,0,250.0,0.0,31.961436884476058
109,2,3,125.0,2,90.272929583213,90.42,-18.452867452114194,0,125.0,0.0,18.383802098375313
109,3,4,94.0,1,85.79354980596447,85.93,-4.3078617341189664,0,31.0,0.0,4.229956015101507
109,4,5,94.0,0,nan,84.71000000000001,-0.10387429202327846,0,0.0,0.0,0.0
109,5,6,0.0,4,84.27796992210816,84.46000000000001,-17.11082732183411,0,94.0,0.0,17.11082732183411
110,0,1,500.0,0,nan,99.79712815560458,-0.0,0,0.0,0.0,0.0
110,1,2,375.0,1,99.66604750085968,99.74000000000001,-9.34730080097844,0,125.0,0.0,9.244062392541608
110,2,3,375.0,0,nan,94.8,-0.20647681687366465,0,0.0,0.0,0.0
110,3,4,0.0,4,94.41408247232846,94.59,-65.96907287682896,0,375.0,0.0,65.96907287682896
111,0,1,500.0,0,nan,100.01752150455357,-0.0,0,0.0,0.0,0.0
111,1,2,500.0,0,nan,99.93,-0.1379552020752463,0,0.0,0.0,0.0
111,2,3,0.0,4,99.5418500827461,99.83,-144.07495862695185,0,500.0,0.0,144.07495862695185
112,0,1,250.0,2,99.76364102083289,99.87508093397842,-27.85997828638287,0,250.0,0.0,27.85997828638287
112,1,2,250.0,0,nan,90.29,-0.06887936616136443,0,0.0,0.0,0.0
112,2,3,188.0,1,90.02407591286133,90.14,-7.290887969303969,0,62.0,0.0,7.187293402597277
112,3,4,47.0,3,87.61996894724868,87.79,-24.013226400452073,0,141.0,0.0,23.974378437937062
112,4,5,0.0,4,82.72918945123729,82.89,-7.558095791847435,0,47.0,0.0,7.558095791847435
113,0,1,0.0,4,99.82480171874971,100.00507217742751,-90.13522933889817,0,500.0,0.0,90.13522933889817
114,0,1,0.0,4,99.82647893283426,100.03898827696942,-106.25467206757833,0,500.0,0.0,106.25467206757833
115,0,1,250.0,2,99.92229803272582,100.00328214115488,-20.246027107265974,0,250.0,0.0,20.246027107265974
115,1,2,250.0,0,nan,90.57000000000001,-0.06896778078700337,0,0.0,0.0,0.0
115,2,3,0.0,4,90.54712767612986,90.69,-35.71808096753415,0,250.0,0.0,35.71808096753415
116,0,1,500.0,0,nan,100.19318878919339,-0.0,0,0.0,0.0,0.0
116,1,2,250.0,2,99.9622118687192,100.11,-37.01613157109038,0,250.0,0.0,36.94703282020129
116,2,3,125.0,2,90.39377585171434,90.54,-18.34711728659764,0,125.0,0.0,18.27801853570854
116,3,4,31.0,3,85.81358450052666,85.97,-14.728761685824704,0,94.0,0.0,14.70305695049396
116,4,5,0.0,4,82.66333883725275,82.82000000000001,-4.856496045164917,0,31.0,0.0,4.856496045164917
117,0,1,125.0,3,99.74167466584467,99.83341499555219,-34.402623640319874,0,375.0,0.0,34.402623640319874
117,1,2,125.0,0,nan,86.09,-0.034425315515707655,0,0.0,0.0,0.0
117,2,3,63.0,2,85.90260702429785,86.03,-7.933065211573169,0,62.0,0.0,7.898364493533336
117,3,4,16.0,3,83.93444054935968,84.08,-6.85451350125308,0,47.0,0.0,6.841294180095048
117,4,5,16.0,0,nan,82.56,-0.01762576154404232,0,0.0,0.0,0.0
117,5,6,16.0,0,nan,82.58,-0.0220322019300529,0,0.0,0.0,0.0
117,6,7,12.0,1,82.51843332902976,82.67,-0.6260956656180081,0,4.0,0.0,0.6062666838809605
117,7,8,3.0,3,82.5039029546456,82.65,-1.3206568611963223,0,9.0,0.0,1.3148734081896833
117,8,9,3.0,0,nan,82.53,-0.00660966057901587,0,0.0,0.0,0.0
117,9,10,3.0,0,nan,82.65,-0.007435868151392853,0,0.0,0.0,0.0
117,10,11,3.0,0,nan,82.63,-0.008262075723769838,0,0.0,0.0,0.0
117,11,12,3.0,0,nan,82.85000000000001,-0.00908828329614682,0,0.0,0.0,0.0
117,12,13,3.0,0,nan,82.99,-0.009914490868523805,0,0.0,0.0,0.0
117,13,14,2.0,1,83.05497627479397,83.2,-0.15218419083329765,0,1.0,0.0,0.14502372520603046
117,14,15,1.0,2,83.08099224085265,83.23,-0.15286339448511146,0,1.0,0.0,0.1490077591473522
117,15,16,1.0,0,nan,83.27,-0.004131037861884919,0,0.0,0.0,0.0
117,16,17,0.0,4,83.16249682653246,83.31,-0.14750317346754116,0,1.0,0.0,0.14750317346754116
118,0,1,375.0,1,99.87121297187491,99.97044143984606,-12.403558496393075,0,125.0,0.0,12.403558496393075
118,1,2,375.0,0,nan,94.83,-0.10341769804122006,0,0.0,0.0,0.0
118,2,3,375.0,0,nan,94.57000000000001,-0.20683539608244011,0,0.0,0.0,0.0
118,3,4,94.0,3,94.22520256664477,94.43,-57.625848881749135,0,281.0,0.0,57.54807877282214
118,4,5,0.0,4,84.08286018502797,84.25,-15.711142607370988,0,94.0,0.0,15.711142607370988
119,0,1,0.0,4,100.08269017990855,100.34845500271837,-132.88241140490697,0,500.0,0.0,132.88241140490697
120,0,1,375.0,1,100.00880326412444,100.06877410611462,-7.496355248772346,0,125.0,0.0,7.496355248772346
120,1,2,281.0,1,95.10433437024268,95.18,-7.190139750357646,0,94.0,0.0,7.112569197188492
120,2,3,70.0,3,91.62212223006847,91.74,-24.910856706240985,0,211.0,0.0,24.872209455551726
120,3,4,35.0,2,84.31986353528463,84.46000000000001,-4.933761703055336,0,35.0,0.0,4.904776265038393
120,4,5,17.0,2,83.1847387308967,83.33,-2.633474365622773,0,18.0,0.0,2.614702843859419
120,5,6,0.0,4,82.7410445721133,82.89,-2.5322422740739796,0,17.0,0.0,2.5322422740739796
121,0,1,500.0,0,nan,99.87725203025381,-0.0,0,0.0,0.0,0.0
121,1,2,0.0,4,99.99461660249945,100.10000000000001,-52.691698750280125,0,500.0,0.0,52.691698750280125
122,0,1,250.0,2,99.87773017340763,99.94985032757168,-18.030038541013482,0,250.0,0.0,18.030038541013482
122,1,2,125.0,2,90.34689308679158,90.46000000000001,-14.172829616683492,0,125.0,0.0,14.138364151053295
122,2,3,31.0,3,86.05967614382448,86.19,-12.267537351451667,0,94.0,0.0,12.250442480499089
122,3,4,0.0,4,82.77389435642561,82.92,-4.529274950805998,0,31.0,0.0,4.529274950805998
123,0,1,250.0,2,99.82159714772892,99.88810599098798,-16.62721081476448,0,250.0,0.0,16.62721081476448
123,1,2,188.0,1,90.41869670121216,90.52,-6.332608563263499,0,62.0,0.0,6.280804524846104
123,2,3,0.0,4,88.14273158119103,88.28,-25.806462736086758,0,188.0,0.0,25.806462736086758
124,0,1,0.0,4,99.73741472292164,99.90874154417236,-85.66341062535798,0,500.0,0.0,85.66341062535798
125,0,1,0.0,4,99.65046092343351,99.75023943671955,-49.88925664302002,0,500.0,0.0,49.88925664302002
126,0,1,125.0,3,99.74855434014657,99.8342867199613,-32.14964243052343,0,375.0,0.0,32.14964243052343
126,1,2,94.0,1,85.742067645918,85.87,-3.9917910398571514,0,31.0,0.0,3.965902976542182
126,2,3,24.0,3,84.84023182325404,84.99,-10.496991808802944,0,70.0,0.0,10.483772372216578
126,3,4,6.0,3,82.49175433250304,82.65,-2.8533793036653576,0,18.0,0.0,2.84842201494547
126,4,5,4.0,1,82.03828982765536,82.19,-0.30782682355139424,0,2.0,0.0,0.3034203446892718
126,5,6,2.0,2,82.06760448302879,82.22,-0.3075450832312485,0,2.0,0.0,0.304791033942422
126,6,7,0.0,4,82.13356134859805,82.28,-0.2928773028039018,0,2.0,0.0,0.2928773028039018
127,0,1,375.0,1,100.01076971221688,100.06235382644289,-6.448014278250369,0,125.0,0.0,6.448014278250369
127,1,2,375.0,0,nan,95.28,-0.10351277982045816,0,0.0,0.0,0.0
127,2,3,281.0,1,95.21466805948316,95.29,-7.236333561274534,0,94.0,0.0,7.081202408583607
127,3,4,70.0,3,91.64088465804609,91.77,-27.301304308973563,0,211.0,0.0,27.24333715227411
127,4,5,52.0,1,84.42322137792395,84.56,-2.5194302859093276,0,18.0,0.0,2.4620151973689133
127,5,6,52.0,0,nan,84.01,-0.07176886067551766,0,0.0,0.0,0.0
127,6,7,26.0,2,84.15100751561853,84.29,-3.6568659103236705,0,26.0,0.0,3.61380459391836
127,7,8,0.0,4,83.36467782583019,83.51,-3.778376528415322,0,26.0,0.0,3.778376528415322
128,0,1,250.0,2,99.86792816494453,99.97390367919078,-26.493878561563378,0,250.0,0.0,26.493878561563378
128,1,2,250.0,0,nan,90.35000000000001,-0.06894751977875227,0,0.0,0.0,0.0
128,2,3,125.0,2,89.92540518525402,90.08,-19.393299363025854,0,125.0,0.0,19.3243518432471
128,3,4,94.0,1,85.50957763716232,85.64,-4.120866050278435,0,31.0,0.0,4.043093247968002
128,4,5,24.0,3,84.11072246121512,84.27,-11.175903562536465,0,70.0,0.0,11.149427714941424
128,5,6,18.0,1,81.69197850313489,81.84,-0.9129500883110262,0,6.0,0.0,0.8881289811906754
128,6,7,9.0,2,81.32135029525962,81.47,-1.3527400069356192,0,9.0,0.0,1.3378473426634088
128,7,8,2.0,3,80.80697691228944,80.96000000000001,-1.0750226750815663,0,7.0,0.0,1.0711616139739562
128,8,9,1.0,1,80.58594671268251,80.74,-0.1562596079504012,0,1.0,0.0,0.15405328731748114
128,9,10,0.0,1,80.45181532399306,80.60000000000001,-0.14818467600694873,0,1.0,0.0,0.14818467600694873
129,0,1,250.0,2,100.13359250241004,100.21082594401783,-19.308360401947056,0,250.0,0.0,19.308360401947056
129,1,2,125.0,2,90.75617519016718,90.87,-14.262656686324638,0,125.0,0.0,14.228101229102563
129,2,3,31.0,3,86.355438719046,86.5,-13.605899916457565,0,94.0,0.0,13.588760409675416
129,3,4,31.0,0,nan,83.34,-0.025709260173223884,0,0.0,0.0,0.0
129,4,5,31.0,0,nan,83.29,-0.034279013564298515,0,0.0,0.0,0.0
129,5,6,15.0,2,83.2856779591751,83.43,-2.3298859275316977,0,16.0,0.0,2.3091526531984528
129,6,7,11.0,1,82.8522684531869,83.0,-0.6091714686656768,0,4.0,0.0,0.5909261872524212
129,7,8,3.0,3,82.74878014654904,82.9,-1.2155641444210517,0,8.0,0.0,1.2097588276077431
129,8,9,0.0,4,82.62225705120973,82.77,-0.4432288463708005,0,3.0,0.0,0.4432288463708005
130,0,1,250.0,2,99.76338352993335,99.90597235888694,-35.64720723839798,0,250.0,0.0,35.64720723839798
130,1,2,0.0,4,90.04630862009574,90.23,-45.922844976065136,0,250.0,0.0,45.922844976065136
131,0,1,375.0,1,99.7365497050959,99.79513619826717,-7.323311646409536,0,125.0,0.0,7.323311646409536
131,1,2,375.0,0,nan,95.06,-0.10323634779131087,0,0.0,0.0,0.0
131,2,3,281.0,1,95.19958137936396,95.28,-7.714067213010858,0,94.0,0.0,7.559350339787613
131,3,4,0.0,4,91.68650175063468,91.81,-34.70300807165668,0,281.0,0.0,34.70300807165668
132,0,1,125.0,3,99.75948229213462,99.95997698588323,-75.18551015572861,0,375.0,0.0,75.18551015572861
132,1,2,31.0,3,85.57002841558193,85.74,-15.985877236778233,0,94.0,0.0,15.977328935298061
132,2,3,31.0,0,nan,82.45,-0.017096602960344168,0,0.0,0.0,0.0
132,3,4,0.0,4,82.2385755920076,82.4,-5.0041566477643755,0,31.0,0.0,5.0041566477643755
133,0,1,125.0,3,99.71365783781482,99.82276963714448,-40.916924748620076,0,375.0,0.0,40.916924748620076
133,1,2,0.0,4,85.76998080098535,85.92,-18.752399876831305,0,125.0,0.0,18.752399876831305
134,0,1,125.0,3,99.83195449482683,99.99664214310098,-61.75786810280748,0,375.0,0.0,61.75786810280748
134,1,2,31.0,3,85.9144851284128,86.07000000000001,-14.626949366180146,0,94.0,0.0,14.618397929196874
134,2,3,15.0,2,82.75664733836743,82.91,-2.4619181702984374,0,16.0,0.0,2.4536425861210773
134,3,4,15.0,0,nan,82.15,-0.012413376266040122,0,0.0,0.0,0.0
134,4,5,0.0,4,81.86882082827985,82.03,-2.4176875758022476,0,15.0,0.0,2.4176875758022476
135,0,1,250.0,2,99.8113735469155,99.9677811368738,-39.101897489572934,0,250.0,0.0,39.101897489572934
135,1,2,250.0,0,nan,90.32000000000001,-0.06894329733577503,0,0.0,0.0,0.0
135,2,3,62.0,3,89.95117261915067,90.12,-31.77374347515378,0,188.0,0.0,31.739547599675234
135,3,4,62.0,0,nan,83.36,-0.051293813217816626,0,0.0,0.0,0.0
135,4,5,62.0,0,nan,83.3,-0.06839175095708884,0,0.0,0.0,0.0
135,5,6,31.0,2,83.01705611849796,83.17,-4.784005170911416,0,31.0,0.0,4.741260326563236
135,6,7,23.0,1,81.93582390037527,82.08,-1.1914654971271852,0,8.0,0.0,1.1534087969978373
135,7,8,6.0,3,81.55005610664637,81.7,-2.5606286609642357,0,17.0,0.0,2.5490461870118253
135,8,9,3.0,2,80.8290199907095,80.98,-0.4595585844157545,0,3.0,0.0,0.4529400278715201
135,9,10,3.0,0,nan,80.62,-0.007445876112263704,0,0.0,0.0,0.0
135,10,11,2.0,1,80.44353841467701,80.59,-0.1519770491098578,0,1.0,0.0,0.1464615853229958
135,11,12,0.0,3,80.35896979053757,80.51,-0.30206041892486724,0,2.0,0.0,0.30206041892486724
136,0,1,500.0,0,nan,100.00778457264418,-0.0,0,0.0,0.0,0.0
136,1,2,250.0,2,100.22015824712798,100.29,-17.52940910391786,0,250.0,0.0,17.46043821800569
136,2,3,250.0,0,nan,90.81,-0.1379417718243368,0,0.0,0.0,0.0
136,3,4,188.0,1,90.78315099342721,90.88,-6.160236726130339,0,62.0,0.0,6.004638407512488
136,4,5,0.0,4,88.81869097089636,88.95,-24.68609747148571,0,188.0,0.0,24.68609747148571
137,0,1,500.0,0,nan,99.96726499529038,-0.0,0,0.0,0.0,0.0
137,1,2,0.0,4,99.63739937824909,99.9,-131.30031087546,0,500.0,0.0,131.30031087546
138,0,1,250.0,2,99.61175285532684,99.68383139565151,-18.019635081166996,0,250.0,0.0,18.019635081166996
138,1,2,125.0,2,90.21294179960877,90.32000000000001,-13.416648783868563,0,125.0,0.0,13.382275048904546
138,2,3,0.0,4,85.83152834020736,85.97,-17.308957474080344,0,125.0,0.0,17.308957474080344
139,0,1,375.0,1,99.89142197777572,99.9438822539971,-6.557534527672715,0,125.0,0.0,6.557534527672715
139,1,2,375.0,0,nan,95.05,-0.10339022302137632,0,0.0,0.0,0.0
139,2,3,94.0,3,95.10763449213015,95.22,-31.62654067657017,0,281.0,0.0,31.574707711428786
139,3,4,47.0,2,84.83141017606687,84.97,-6.5525964487132,0,47.0,0.0,6.513721724857163
139,4,5,23.0,2,83.246616731822,83.39,-3.466563504319886,0,24.0,0.0,3.441198436271975
139,5,6,23.0,0,nan,82.57000000000001,-0.03170633505988874,0,0.0,0.0,0.0
139,6,7,0.0,4,82.4830295437751,82.63,-3.380320493172519,0,23.0,0.0,3.380320493172519
140,0,1,250.0,2,99.88412106929718,100.01070118093398,-31.64502790919954,0,250.0,0.0,31.64502790919954
140,1,2,62.0,3,90.19337820271409,90.38,-35.1020031682977,0,188.0,0.0,35.08489788975089
140,2,3,0.0,4,83.61640674008076,83.78,-10.142782114992798,0,62.0,0.0,10.142782114992798
141,0,1,500.0,0,nan,100.35036352519246,-0.0,0,0.0,0.0,0.0
141,1,2,0.0,4,99.64954324001485,99.95,-150.22837999257632,0,500.0,0.0,150.22837999257632
142,0,1,125.0,3,99.6988981203388,99.89047962211455,-71.84306316590927,0,375.0,0.0,71.84306316590927
142,1,2,125.0,0,nan,85.96000000000001,-0.034444992973142956,0,0.0,0.0,0.0
142,2,3,0.0,4,85.62677784269353,85.79,-20.402769663309783,0,125.0,0.0,20.402769663309783
143,0,1,375.0,1,100.00718416832134,100.06343350206312,-7.0311667177218595,0,125.0,0.0,7.0311667177218595
143,1,2,375.0,0,nan,95.42,-0.10351389672627219,0,0.0,0.0,0.0
143,2,3,187.0,2,95.47689882104397,95.57000000000001,-17.606259503402537,0,188.0,0.0,17.5030216437342
143,3,4,47.0,3,88.51465142078867,88.64,-17.587722314755812,0,140.0,0.0,17.548801089586732
143,4,5,47.0,0,nan,83.86,-0.05189496689210447,0,0.0,0.0,0.0
143,5,6,23.0,2,83.76925792818186,83.91,-3.4095539852980465,0,24.0,0.0,3.3778097236353233
143,6,7,6.0,3,83.14358328382875,83.29,-2.4990215089971337,0,17.0,0.0,2.4890841749114117
143,7,8,2.0,3,82.69572469247596,82.85000000000001,-0.6209657489072962,0,4.0,0.0,0.617101230096182
143,8,9,0.0,4,82.70771065964317,82.87,-0.324578680713671,0,2.0,0.0,0.324578680713671
144,0,1,375.0,1,99.7685125363661,99.83044283414557,-7.741287222433613,0,125.0,0.0,7.741287222433613
144,1,2,187.0,2,94.94005927727775,95.04,-18.840354610569534,0,188.0,0.0,18.78885587178337
144,2,3,187.0,0,nan,88.36,-0.10299747757233227,0,0.0,0.0,0.0
144,3,4,140.0,1,88.38986309979056,88.5,-5.292099926368764,0,47.0,0.0,5.176434309843685
144,4,5,35.0,3,86.79535478642536,86.93,-14.176302630845896,0,105.0,0.0,14.137747425337537
144,5,6,26.0,1,83.26497939070366,83.41,-1.3409867459248084,0,9.0,0.0,1.3051854836670458
144,6,7,13.0,2,83.00457628185983,83.15,-1.9119890931769898,0,13.0,0.0,1.8905083358223322
144,7,8,10.0,1,82.6137122817456,82.76,-0.4581407575173772,0,3.0,0.0,0.43886315476319737
144,8,9,5.0,2,82.59252730012264,82.74,-0.7483792723891624,0,5.0,0.0,0.7373634993867739
144,9,10,5.0,0,nan,82.65,-0.012392744627687037,0,0.0,0.0,0.0
144,10,11,5.0,0,nan,82.60000000000001,-0.013769716252985597,0,0.0,0.0,0.0
144,11,12,1.0,3,82.55477945662014,82.71000000000001,-0.6239115110951329,0,4.0,0.0,0.620882173519476
144,12,13,0.0,3,82.40117088040829,82.55,-0.14882911959170997,0,1.0,0.0,0.14882911959170997
145,0,1,375.0,1,99.83215261024579,99.88249260138514,-6.292498892419118,0,125.0,0.0,6.292498892419118
145,1,2,375.0,0,nan,94.88,-0.10332671648419152,0,0.0,0.0,0.0
145,2,3,187.0,2,94.92509897394748,95.02,-17.944444076445706,0,188.0,0.0,17.84139289787214
145,3,4,0.0,4,88.06573789089815,88.2,-25.107014402046758,0,187.0,0.0,25.107014402046758
146,0,1,0.0,4,99.9874859269482,100.09820340813853,-55.35874059516743,0,500.0,0.0,55.35874059516743
147,0,1,500.0,0,nan,100.02725491648665,-0.0,0,0.0,0.0,0.0
147,1,2,125.0,3,99.71930911423871,99.9,-67.79357431735296,0,375.0,0.0,67.7590821604852
147,2,3,125.0,0,nan,85.77,-0.06898431373550805,0,0.0,0.0,0.0
147,3,4,125.0,0,nan,85.5,-0.10347647060326207,0,0.0,0.0,0.0
147,4,5,0.0,4,85.13953997574531,85.33,-23.80750303183632,0,125.0,0.0,23.80750303183632
148,0,1,375.0,1,99.86321622838896,99.93774582885831,-9.3162000586684,0,125.0,0.0,9.3162000586684
148,1,2,0.0,4,94.77704967086642,95.02,-91.10637342509165,0,375.0,0.0,91.10637342509165
149,0,1,0.0,4,99.72422064872973,99.84188849811211,-58.83392469119286,0,500.0,0.0,58.83392469119286
150,0,1,375.0,1,99.86545047518311,99.96129266385859,-11.980273584434542,0,125.0,0.0,11.980273584434542
150,1,2,0.0,4,94.79821182675678,95.01,-79.42056496620786,0,375.0,0.0,79.42056496620786
151,0,1,250.0,2,99.66643107885227,99.7839545217208,-29.38086071713286,0,250.0,0.0,29.38086071713286
151,1,2,0.0,4,89.94401443010088,90.14,-48.99639247478049,0,250.0,0.0,48.99639247478049
152,0,1,125.0,3,100.02792990818631,100.1162800103194,-33.1312882999093,0,375.0,0.0,33.1312882999093
152,1,2,125.0,0,nan,86.26,-0.03452285517597221,0,0.0,0.0,0.0
152,2,3,63.0,2,86.14444290750366,86.28,-8.439338772790562,0,62.0,0.0,8.40453973477318
152,3,4,63.0,0,nan,84.25,-0.05219855702606998,0,0.0,0.0,0.0
152,4,5,47.0,1,84.14898512283996,84.29,-2.3081604087454,0,16.0,0.0,2.256238034560738
152,5,6,35.0,1,83.77982301782887,83.92,-1.7304557832998846,0,12.0,0.0,1.6821237860535234
152,6,7,35.0,0,nan,83.63,-0.057998396695633316,0,0.0,0.0,0.0
152,7,8,26.0,1,83.63994878529178,83.78,-1.3107262095102177,0,9.0,0.0,1.2604609323740021
152,8,9,0.0,4,83.48332132360746,83.63,-3.813645586206036,0,26.0,0.0,3.813645586206036
153,0,1,500.0,0,nan,99.8574666152961,-0.0,0,0.0,0.0,0.0
153,1,2,125.0,3,99.60660705244517,99.76,-57.556788942240736,0,375.0,0.0,57.52235533306305
153,2,3,94.0,1,85.66089132235692,85.79,-4.054157155138995,0,31.0,0.0,4.002369006935751
153,3,4,70.0,1,84.65165597269805,84.79,-3.3781051186654243,0,24.0,0.0,3.320256655246908
153,4,5,35.0,2,83.82459267700439,83.97,-5.127821947125341,0,35.0,0.0,5.08925630484633
153,5,6,17.0,2,82.65602145541818,82.81,-2.7950286567135567,0,18.0,0.0,2.7716138024727286
153,6,7,13.0,1,81.94531144667708,82.10000000000001,-0.6402407854185863,0,4.0,0.0,0.6187542132917088
153,7,8,7.0,2,81.73226009748312,81.88,-0.8999373898989043,0,6.0,0.0,0.8864394151012505
153,8,9,3.0,2,81.54561913823784,81.7,-0.6241347000107705,0,4.0,0.0,0.6175234470486544
153,9,10,3.0,0,nan,81.51,-0.007437659582380676,0,0.0,0.0,0.0
153,10,11,1.0,3,81.24631099923802,81.4,-0.31013269025818707,0,2.0,0.0,0.307378001523972
153,11,12,0.0,3,81.20838365054058,81.36,-0.1516163494594167,0,1.0,0.0,0.1516163494594167
154,0,1,500.0,0,nan,100.20323617314324,-0.0,0,0.0,0.0,0.0
154,1,2,125.0,3,100.39604700067993,100.48,-31.516927585088055,0,375.0,0.0,31.482374745028352
154,2,3,0.0,4,86.49591878431572,86.63,-16.760151960534486,0,125.0,0.0,16.760151960534486
155,0,1,125.0,3,99.9469533463305,100.04301884312576,-36.02456129822329,0,375.0,0.0,36.02456129822329
155,1,2,63.0,2,86.21732173145868,86.35000000000001,-8.243439436285316,0,62.0,0.0,8.226052649562234
155,2,3,47.0,1,84.174394446263,84.31,-2.195631049505935,0,16.0,0.0,2.1696888597921316
155,3,4,12.0,3,83.71545909846792,83.86,-5.068866860321773,0,35.0,0.0,5.05893155362287
155,4,5,12.0,0,nan,82.85000000000001,-0.013247075598538034,0,0.0,0.0,0.0
155,5,6,9.0,1,82.82093340040795,82.97,-0.45961893214976923,0,3.0,0.0,0.4471997987761398
155,6,7,7.0,1,82.9366224758832,83.09,-0.3183462393823324,0,2.0,0.0,0.30675504823361166
155,7,8,0.0,4,82.93109785921568,83.08,-1.0423149854902078,0,7.0,0.0,1.0423149854902078
156,0,1,0.0,4,99.96138057913893,100.13883326388928,-88.72634237517474,0,500.0,0.0,88.72634237517474
157,0,1,250.0,2,99.67043469979228,99.73850531045156,-17.01765266481914,0,250.0,0.0,17.01765266481914
157,1,2,0.0,4,90.1771207840948,90.32000000000001,-35.7198039763027,0,250.0,0.0,35.7198039763027
158,0,1,375.0,1,99.96233563732837,100.01023665319518,-5.987626983351646,0,125.0,0.0,5.987626983351646
158,1,2,375.0,0,nan,95.18,-0.10345886550330537,0,0.0,0.0,0.0
158,2,3,187.0,2,95.16671758939998,95.25,-15.76027616799911,0,188.0,0.0,15.657093192803814
158,3,4,140.0,1,88.3170541049412,88.43,-5.424330997127314,0,47.0,0.0,5.308457067763612
158,4,5,140.0,0,nan,86.95,-0.154498572484936,0,0.0,0.0,0.0
158,5,6,35.0,3,86.9711903154931,87.10000000000001,-13.573297677126556,0,105.0,0.0,13.525016873225013
158,6,7,26.0,1,83.38157868505469,83.52,-1.2888307225571167,0,9.0,0.0,1.2457918345077417
158,7,8,20.0,1,83.23841408928438,83.38,-0.8881401074149506,0,6.0,0.0,0.8495154642937166
158,8,9,5.0,3,83.19130620865317,83.34,-2.2414424825227965,0,15.0,0.0,2.2304068702024438
158,9,10,5.0,0,nan,83.0,-0.012415063860396643,0,0.0,0.0,0.0
158,10,11,4.0,1,83.0205444458001,83.17,-0.160491166520256,0,1.0,0.0,0.14945555419990342
158,11,12,3.0,1,83.00984350539665,83.16,-0.159260874767642,0,1.0,0.0,0.15015649460335112
158,12,13,3.0,0,nan,83.21000000000001,-0.009932051088317314,0,0.0,0.0,0.0
158,13,14,1.0,3,83.06906619293811,83.22,-0.30545418812789366,0,2.0,0.0,0.30186761412377905
158,14,15,0.0,4,83.02447093438288,83.18,-0.15552906561713087,0,1.0,0.0,0.15552906561713087
159,0,1,0.0,4,100.08595952967875,100.19075241255936,-52.396441440308195,0,500.0,0.0,52.396441440308195
160,0,1,0.0,4,99.99071307847429,100.11380116782556,-61.544044675635234,0,500.0,0.0,61.544044675635234
161,0,1,375.0,1,99.87404304247379,99.94785099486543,-9.225994048955855,0,125.0,0.0,9.225994048955855
161,1,2,281.0,1,94.73928573845511,94.84,-9.544617402129173,0,94.0,0.0,9.46714058522005
161,2,3,211.0,1,91.18462772514003,91.29,-7.492412324666679,0,70.0,0.0,7.376059240198174
161,3,4,53.0,3,88.59941085382472,88.77,-26.996924291026247,0,158.0,0.0,26.953085095693325
161,4,5,27.0,2,83.0468955079577,83.19,-3.750494359740969,0,26.0,0.0,3.72071679309974
161,5,6,20.0,1,82.09032927899733,82.24,-1.0752668679827502,0,7.0,0.0,1.0476950470186495
161,6,7,20.0,0,nan,81.83,-0.03308618515692097,0,0.0,0.0,0.0
161,7,8,15.0,1,81.48847858783802,81.64,-0.7865574728222231,0,5.0,0.0,0.7576070608099172
161,8,9,7.0,2,81.20948253168011,81.36,-1.219579966299018,0,8.0,0.0,1.2041397465591217
161,9,10,2.0,3,80.93193028261703,81.08,-0.7453115146883722,0,5.0,0.0,0.7403485869148341
161,10,11,0.0,3,80.76252713957187,80.91,-0.2949457208562478,0,2.0,0.0,0.2949457208562478
162,0,1,125.0,3,100.14502770767739,100.23819288179061,-34.936940292459084,0,375.0,0.0,34.936940292459084
162,1,2,125.0,0,nan,86.26,-0.03456489409716918,0,0.0,0.0,0.0
162,2,3,125.0,0,nan,86.34,-0.06912978819433836,0,0.0,0.0,0.0
162,3,4,125.0,0,nan,86.28,-0.10369468229150754,0,0.0,0.0,0.0
162,4,5,0.0,4,86.26358967033462,86.41,-18.301291208171477,0,125.0,0.0,18.301291208171477
163,0,1,0.0,4,99.78190074931628,99.88561819451355,-51.858722598637996,0,500.0,0.0,51.858722598637996
164,0,1,250.0,2,100.01015875467402,100.07366661557056,-15.876965224133954,0,250.0,0.0,15.876965224133954
164,1,2,250.0,0,nan,90.62,-0.06901632180384178,0,0.0,0.0,0.0
164,2,3,188.0,1,90.57201873974833,90.67,-6.17863868359662,0,62.0,0.0,6.074838135603642
164,3,4,188.0,0,nan,88.43,-0.15570082198946703,0,0.0,0.0,0.0
164,4,5,188.0,0,nan,88.51,-0.20760109598595608,0,0.0,0.0,0.0
164,5,6,94.0,2,88.51218428220841,88.63,-11.204428157400343,0,94.0,0.0,11.074677472409121
164,6,7,0.0,4,85.23156348084183,85.37,-13.013032800868586,0,94.0,0.0,13.013032800868586
165,0,1,500.0,0,nan,100.16163305851076,-0.0,0,0.0,0.0,0.0
165,1,2,0.0,4,99.86376649633246,100.11,-123.11675183376991,0,500.0,0.0,123.11675183376991
166,0,1,0.0,4,99.89972019708917,100.03441721986812,-67.34851138947562,0,500.0,0.0,67.34851138947562
167,0,1,0.0,4,99.62590518691455,99.88201329814342,-128.0540556144345,0,500.0,0.0,128.0540556144345
168,0,1,0.0,4,100.09386539260791,100.18596494335239,-46.04977537223931,0,500.0,0.0,46.04977537223931
169,0,1,375.0,1,99.83168081549937,99.91865779653718,-10.872122629725922,0,125.0,0.0,10.872122629725922
169,1,2,0.0,4,94.64344993481231,94.88,-88.70627444538215,0,375.0,0.0,88.70627444538215
170,0,1,250.0,2,99.75864134804694,99.82741023247866,-17.19222110792984,0,250.0,0.0,17.19222110792984
170,1,2,62.0,3,90.37881916429482,90.5,-22.799071042047167,0,188.0,0.0,22.781997112572924
170,2,3,31.0,2,83.96981715473501,84.11,-4.362742132688874,0,31.0,0.0,4.345668203214629
170,3,4,23.0,1,83.05521863863794,83.2,-1.1772525220855896,0,8.0,0.0,1.158250890896511
170,4,5,23.0,0,nan,82.9,-0.025335508252104927,0,0.0,0.0,0.0
170,5,6,17.0,1,82.97292511376052,83.12,-0.9058571239741505,0,6.0,0.0,0.8824493174368797
170,6,7,4.0,3,83.04156618282477,83.19,-1.9362488863002951,0,13.0,0.0,1.9296396232780069
170,7,8,4.0,0,nan,82.87,-0.007710806859336283,0,0.0,0.0,0.0
170,8,9,4.0,0,nan,82.96000000000001,-0.008812350696384324,0,0.0,0.0,0.0
170,9,10,3.0,1,83.00459815890201,83.15,-0.15283726199806696,0,1.0,0.0,0.1454018410979927
170,10,11,3.0,0,nan,83.27,-0.008261578777860304,0,0.0,0.0,0.0
170,11,12,1.0,2,83.19622396354512,83.35000000000001,-0.31058131846165393,0,2.0,0.0,0.3075520729097718
170,12,13,0.0,4,83.24817082252295,83.4,-0.1518291774770546,0,1.0,0.0,0.1518291774770546
171,0,1,500.0,0,nan,100.00536810893877,-0.0,0,0.0,0.0,0.0
171,1,2,375.0,1,99.85102503984609,99.91,-7.475323848316215,0,125.0,0.0,7.371870019238003
171,2,3,375.0,0,nan,95.04,-0.20690765815642503,0,0.0,0.0,0.0
171,3,4,281.0,1,94.95429089965155,95.03,-7.349219640521894,0,94.0,0.0,7.116655432754072
171,4,5,70.0,3,91.44840669680522,91.56,-23.623432499810406,0,211.0,0.0,23.546186974098674
171,5,6,35.0,2,84.05420394502417,84.19,-4.801140377723794,0,35.0,0.0,4.752861924153962
171,6,7,17.0,2,83.0273444982829,83.17,-2.595938472417095,0,18.0,0.0,2.567799030907821
171,7,8,9.0,2,82.6162249825109,82.76,-1.16758038319798,0,8.0,0.0,1.1502001399128403
171,8,9,5.0,2,82.4657059097828,82.61,-0.5882114359704808,0,4.0,0.0,0.5771763608688047
171,9,10,4.0,1,82.37299920892998,82.52,-0.1569323586615217,0,1.0,0.0,0.1470007910700133
171,10,11,2.0,2,82.5240655707521,82.67,-0.29738639604664135,0,2.0,0.0,0.29186885849580335
171,11,12,0.0,3,82.68164064514376,82.83,-0.29671870971247927,0,2.0,0.0,0.29671870971247927
172,0,1,500.0,0,nan,99.88592302901085,-0.0,0,0.0,0.0,0.0
172,1,2,500.0,0,nan,99.97,-0.13777368693656672,0,0.0,0.0,0.0
172,2,3,500.0,0,nan,100.19,-0.27554737387313344,0,0.0,0.0,0.0
172,3,4,250.0,2,100.25082031183629,100.33,-20.001582571331216,0,250.0,0.0,19.794922040926366
172,4,5,250.0,0,nan,90.8,-0.27554737387313344,0,0.0,0.0,0.0
172,5,6,125.0,2,90.89979629129161,91.01,-13.947680697220349,0,125.0,0.0,13.775463588549641
172,6,7,0.0,4,86.6455149494166,86.79,-18.060631322926568,0,125.0,0.0,18.060631322926568
173,0,1,0.0,4,99.57585086718997,99.84279892050995,-133.47402665998942,0,500.0,0.0,133.47402665998942
174,0,1,250.0,2,99.71603985513825,99.79976980127384,-20.932486533897787,0,250.0,0.0,20.932486533897787
174,1,2,188.0,1,90.439846265719,90.54,-6.26128975086427,0,62.0,0.0,6.209531525422506
174,2,3,47.0,3,88.32291675082995,88.45,-17.944617245698776,0,141.0,0.0,17.918738132977893
174,3,4,47.0,0,nan,83.7,-0.038818669081323066,0,0.0,0.0,0.0
174,4,5,23.0,2,83.56629024692414,83.71000000000001,-3.4743625671221148,0,24.0,0.0,3.449034073820826
174,5,6,11.0,2,82.83405639634564,82.98,-1.7664652778911258,0,12.0,0.0,1.7513232438523119
174,6,7,0.0,4,82.48971686233558,82.64,-1.6531145143085837,0,11.0,0.0,1.6531145143085837
175,0,1,250.0,2,100.16738050829225,100.23889298118654,-17.878118223570993,0,250.0,0.0,17.878118223570993
175,1,2,188.0,1,90.6999834727303,90.8,-6.253010654529684,0,62.0,0.0,6.2010246907215105
175,2,3,141.0,1,88.5324228982367,88.65,-5.6041027285874785,0,47.0,0.0,5.526123782875217
175,3,4,141.0,0,nan,87.23,-0.11696841856839146,0,0.0,0.0,0.0
175,4,5,141.0,0,nan,87.31,-0.15595789142452196,0,0.0,0.0,0.0
175,5,6,141.0,0,nan,87.4,-0.19494736428065243,0,0.0,0.0,0.0
175,6,7,141.0,0,nan,87.56,-0.23393683713678293,0,0.0,0.0,0.0
175,7,8,141.0,0,nan,87.76,-0.2729263099929134,0,0.0,0.0,0.0
175,8,9,71.0,2,87.71147048527392,87.84,-9.154130006586644,0,70.0,0.0,8.997066030825778
175,9,10,71.0,0,nan,85.51,-0.17669697273097434,0,0.0,0.0,0.0
175,10,11,35.0,2,85.49074049832035,85.63,-5.110124439897378,0,36.0,0.0,5.0133420604672665
175,11,12,26.0,1,84.28370033408201,84.43,-1.3957820233105473,0,9.0,0.0,1.3166969932619423
175,12,13,13.0,2,83.96374406424687,84.11,-1.9444644539081355,0,13.0,0.0,1.9013271647907146
175,13,14,3.0,3,83.5609584390999,83.71000000000001,-1.5011999312803743,0,10.0,0.0,1.490415609001019
175,14,15,1.0,2,83.18397900286067,83.33,-0.29591328945586676,0,2.0,0.0,0.2920419942786623
175,15,16,0.0,1,83.22172924317958,83.37,-0.14827075682042334,0,1.0,0.0,0.14827075682042334
176,0,1,500.0,0,nan,100.15275108985455,-0.0,0,0.0,0.0,0.0
176,1,2,500.0,0,nan,100.39,-0.1381417256411787,0,0.0,0.0,0.0
176,2,3,500.0,0,nan,100.47,-0.2762834512823574,0,0.0,0.0,0.0
176,3,4,500.0,0,nan,100.75,-0.4144251769235361,0,0.0,0.0,0.0
176,4,5,250.0,2,100.68299650078447,100.76,-19.527158255166345,0,250.0,0.0,19.25087480388399
176,5,6,62.0,3,91.18319062632821,91.31,-23.925810120194075,0,188.0,0.0,23.840162250296544
176,6,7,62.0,0,nan,84.84,-0.10277744387703694,0,0.0,0.0,0.0
176,7,8,62.0,0,nan,84.96000000000001,-0.11990701785654309,0,0.0,0.0,0.0
176,8,9,62.0,0,nan,85.03,-0.13703659183604927,0,0.0,0.0,0.0
176,9,10,0.0,4,84.99255550763812,85.14,-9.141558526436853,0,62.0,0.0,9.141558526436853
177,0,1,250.0,2,99.89702593454363,100.01111135318948,-28.521354661460663,0,250.0,0.0,28.521354661460663
177,1,2,0.0,4,90.16398750672029,90.37,-51.50312331992879,0,250.0,0.0,51.50312331992879
178,0,1,375.0,1,100.0453072377163,100.12915227432602,-10.48062957621454,0,125.0,0.0,10.48062957621454
178,1,2,187.0,2,94.90178061962641,95.03,-24.156896341891592,0,188.0,0.0,24.105243510235596
178,2,3,140.0,1,87.95809132636067,88.08,-5.807048799356726,0,47.0,0.0,5.72970766104828
178,3,4,35.0,3,86.26964836212946,86.42,-15.815924903272654,0,105.0,0.0,15.786921976406987
178,4,5,26.0,1,82.50728250544994,82.65,-1.3131841594651912,0,9.0,0.0,1.284457450950626
178,5,6,26.0,0,nan,82.19,-0.03590838564320657,0,0.0,0.0,0.0
178,6,7,0.0,4,81.96537578776231,82.12,-4.0202295181800025,0,26.0,0.0,4.0202295181800025
179,0,1,0.0,4,100.01096960166007,100.23031365786952,-109.67202810472543,0,500.0,0.0,109.67202810472543
180,0,1,500.0,0,nan,100.01532999393528,-0.0,0,0.0,0.0,0.0
180,1,2,500.0,0,nan,100.13,-0.1379521793019797,0,0.0,0.0,0.0
180,2,3,0.0,4,100.24855022806544,100.36,-55.72488596727965,0,500.0,0.0,55.72488596727965
181,0,1,250.0,2,99.90578064880057,100.03523555981853,-32.3637277544897,0,250.0,0.0,32.3637277544897
181,1,2,250.0,0,nan,90.43,-0.06898981762746106,0,0.0,0.0,0.0
181,2,3,250.0,0,nan,90.3,-0.13797963525492213,0,0.0,0.0,0.0
181,3,4,250.0,0,nan,90.17,-0.20696945288238316,0,0.0,0.0,0.0
181,4,5,250.0,0,nan,89.96000000000001,-0.27595927050984426,0,0.0,0.0,0.0
181,5,6,125.0,2,89.7912537265498,89.93,-17.515758725344828,0,125.0,0.0,17.343284181276175
181,6,7,125.0,0,nan,85.3,-0.20696945288238316,0,0.0,0.0,0.0
181,7,8,94.0,1,85.12794045526164,85.26,-4.275427086884889,0,31.0,0.0,4.093845886889412
181,8,9,94.0,0,nan,84.03,-0.2075213714234029,0,0.0,0.0,0.0
181,9,10,47.0,2,83.79056639105387,83.94,-7.140110391893571,0,47.0,0.0,7.023379620467907
181,10,11,12.0,3,82.21870469256872,82.37,-5.328450872556096,0,35.0,0.0,5.295335760094915
181,11,12,12.0,0,nan,81.28,-0.03642662370729944,0,0.0,0.0,0.0
181,12,13,0.0,4,81.0792689367661,81.23,-1.8087727588068674,0,12.0,0.0,1.8087727588068674
182,0,1,375.0,1,100.07267386517249,100.15328160324624,-10.075967259218999,0,125.0,0.0,10.075967259218999
182,1,2,94.0,3,94.90469309034589,95.09,-52.09721239479481,0,281.0,0.0,52.07124161280666
182,2,3,0.0,4,84.79081293070891,84.96000000000001,-15.903584513363228,0,94.0,0.0,15.903584513363228
183,0,1,375.0,1,99.83052936710888,99.91460032374488,-10.508869579499702,0,125.0,0.0,10.508869579499702
183,1,2,375.0,0,nan,95.13,-0.10335993136939126,0,0.0,0.0,0.0
183,2,3,375.0,0,nan,95.14,-0.2067198627387825,0,0.0,0.0,0.0
183,3,4,375.0,0,nan,95.14,-0.31007979410817377,0,0.0,0.0,0.0
183,4,5,0.0,4,94.70629416675045,94.97,-98.88968746857962,0,375.0,0.0,98.88968746857962
184,0,1,500.0,0,nan,100.16249380047584,-0.0,0,0.0,0.0,0.0
184,1,2,500.0,0,nan,100.05,-0.1381551638627253,0,0.0,0.0,0.0
184,2,3,375.0,1,99.64120397485304,99.73,-11.306735889164358,0,125.0,0.0,11.09950314337027
184,3,4,375.0,0,nan,94.86,-0.31084911869113196,0,0.0,0.0,0.0
184,4,5,375.0,0,nan,94.76,-0.4144654915881759,0,0.0,0.0,0.0
184,5,6,94.0,3,94.31013684065702,94.5,-53.48141362940748,0,281.0,0.0,53.35154777537652
184,6,7,70.0,1,84.27359390972157,84.41,-3.3897965043269473,0,24.0,0.0,3.2737461666822583
184,7,8,52.0,1,83.40914293248849,83.55,-2.6360041744991434,0,18.0,0.0,2.535427215207079
184,8,9,39.0,1,82.70450940508724,82.85000000000001,-1.9775865561163772,0,13.0,0.0,1.8913777338660367
184,9,10,29.0,1,82.27351517563098,82.42,-1.536965239226598,0,10.0,0.0,1.4648482436902555
184,10,11,7.0,3,81.6733597477724,81.83,-3.4654272719480606,0,22.0,0.0,3.446085549007279
184,11,12,7.0,0,nan,80.97,-0.021275895234859697,0,0.0,0.0,0.0
184,12,13,2.0,3,80.70040853458647,80.85000000000001,-0.7545887749330917,0,5.0,0.0,0.7479573270676809
184,13,14,0.0,4,80.3503620936003,80.5,-0.29927581279940796,0,2.0,0.0,0.29927581279940796
185,0,1,500.0,0,nan,100.03096029053,-0.0,0,0.0,0.0,0.0
185,1,2,0.0,4,100.04351692665114,100.15,-53.24153667443454,0,500.0,0.0,53.24153667443454
186,0,1,125.0,3,100.00670301807051,100.1000496349904,-35.004981344958,0,375.0,0.0,35.004981344958
186,1,2,0.0,4,86.29868128780657,86.44,-17.664839024178036,0,125.0,0.0,17.664839024178036
187,0,1,250.0,2,99.91035916737565,99.97591237017859,-16.38830070073638,0,250.0,0.0,16.38830070073638
187,1,2,0.0,4,90.46046527464263,90.60000000000001,-34.88368133934472,0,250.0,0.0,34.88368133934472
188,0,1,0.0,4,99.79373626889287,99.99129605243189,-98.77989176951019,0,500.0,0.0,98.77989176951019
189,0,1,250.0,2,100.0558086293536,100.20349729545133,-36.92216652443037,0,250.0,0.0,36.92216652443037
189,1,2,250.0,0,nan,90.51,-0.06910586020375954,0,0.0,0.0,0.0
189,2,3,62.0,3,90.24754141235238,90.42,-32.45649098441465,0,188.0,0.0,32.422214477753585
189,3,4,0.0,4,83.64929776418532,83.81,-9.963538620510292,0,62.0,0.0,9.963538620510292
190,0,1,500.0,0,nan,100.09662600059646,-0.0,0,0.0,0.0,0.0
190,1,2,500.0,0,nan,100.21000000000001,-0.13806431172496064,0,0.0,0.0,0.0
190,2,3,500.0,0,nan,100.34,-0.2761286234499213,0,0.0,0.0,0.0
190,3,4,125.0,3,100.36686798287931,100.46000000000001,-35.028054654054294,0,375.0,0.0,34.92450642026057
190,4,5,125.0,0,nan,86.56,-0.13806431172496064,0,0.0,0.0,0.0
190,5,6,94.0,1,86.48416585322575,86.61,-4.030639003023292,0,31.0,0.0,3.9008585500018285
190,6,7,0.0,4,85.54496701507937,85.68,-12.693100582540325,0,94.0,0.0,12.693100582540325
191,0,1,0.0,4,99.91060607867746,100.15597954773054,-122.686734526539,0,500.0,0.0,122.686734526539
192,0,1,375.0,1,99.75573821971575,99.8332685457882,-9.69129075905606,0,125.0,0.0,9.69129075905606
192,1,2,0.0,4,94.57460225822327,94.78,-77.02415316627587,0,375.0,0.0,77.02415316627587
193,0,1,500.0,0,nan,99.92415671373809,-0.0,0,0.0,0.0,0.0
193,1,2,125.0,3,99.44882499933829,99.66,-79.22508185390515,0,375.0,0.0,79.1906252481418
193,2,3,125.0,0,nan,85.69,-0.06891321152671592,0,0.0,0.0,0.0
193,3,4,125.0,0,nan,85.61,-0.10336981729007388,0,0.0,0.0,0.0
193,4,5,94.0,1,85.2556595489481,85.39,-4.2681994527450176,0,31.0,0.0,4.164553982608837
193,5,6,94.0,0,nan,84.24,-0.12955683767022594,0,0.0,0.0,0.0
193,6,7,94.0,0,nan,84.01,-0.15546820520427113,0,0.0,0.0,0.0
193,7,8,0.0,4,83.7711626730412,83.94,-15.870708734126652,0,94.0,0.0,15.870708734126652
194,0,1,375.0,1,99.61455412089256,99.68924511464888,-9.336374219540033,0,125.0,0.0,9.336374219540033
194,1,2,375.0,0,nan,94.72,-0.10312680529101609,0,0.0,0.0,0.0
194,2,3,281.0,1,94.47277465206066,94.57000000000001,-9.293735411827713,0,94.0,0.0,9.139182706298243
194,3,4,70.0,3,90.70472846765158,90.87,-34.930044336481124,0,211.0,0.0,34.87229332551816
194,4,5,52.0,1,83.24038219405266,83.38,-2.5703215083868436,0,18.0,0.0,2.5131205070520934
194,5,6,0.0,4,82.57344628347387,82.73,-8.14079325935893,0,52.0,0.0,8.14079325935893
195,0,1,500.0,0,nan,99.83715602706748,-0.0,0,0.0,0.0,0.0
195,1,2,0.0,4,99.53052749540686,99.78,-124.73625229657159,0,500.0,0.0,124.73625229657159
196,0,1,500.0,0,nan,100.14140212270293,-0.0,0,0.0,0.0,0.0
196,1,2,500.0,0,nan,99.96000000000001,-0.13812607189338336,0,0.0,0.0,0.0
196,2,3,375.0,1,99.54216010425299,99.64,-12.437176076216923,0,125.0,0.0,12.22998696837685
196,3,4,187.0,2,94.49912831763717,94.64,-26.63885373687608,0,188.0,0.0,26.483876284211703
196,4,5,0.0,4,87.38352735655593,87.56,-33.00038432404142,0,187.0,0.0,33.00038432404142
197,0,1,0.0,4,100.22285439279064,100.33674974257201,-56.94767489068653,0,500.0,0.0,56.94767489068653
198,0,1,375.0,1,100.23675558496673,100.28280120244719,-5.7557021850573875,0,125.0,0.0,5.7557021850573875
198,1,2,375.0,0,nan,95.63,-0.10374082883011779,0,0.0,0.0,0.0
198,2,3,187.0,2,95.52522210369548,95.62,-17.92170869186984,0,188.0,0.0,17.818244505249936
198,3,4,187.0,0,nan,88.99,-0.1551962799298562,0,0.0,0.0,0.0
198,4,5,140.0,1,88.91783512057982,89.03,-5.426668970467985,0,47.0,0.0,5.2717493327483425
198,5,6,35.0,3,87.28959035018458,87.42,-13.741425617406433,0,105.0,0.0,13.693013230619044
198,6,7,17.0,2,83.72303886212909,83.87,-2.6735179871183066,0,18.0,0.0,2.6453004816765144
198,7,8,0.0,4,83.33091363527848,83.48,-2.534468200265948,0,17.0,0.0,2.534468200265948
199,0,1,500.0,0,nan,100.20721190335618,-0.0,0,0.0,0.0,0.0
199,1,2,250.0,2,100.07394061520966,100.14,-16.583954619586237,0,250.0,0.0,16.51484619758392
199,2,3,250.0,0,nan,90.66,-0.13821684400462922,0,0.0,0.0,0.0
199,3,4,250.0,0,nan,90.82000000000001,-0.20732526600694384,0,0.0,0.0,0.0
199,4,5,250.0,0,nan,90.88,-0.27643368800925844,0,0.0,0.0,0.0
199,5,6,188.0,1,90.90694594901908,91.01,-6.649198827546357,0,62.0,0.0,6.389351160817654
199,6,7,47.0,3,88.67181693265088,88.8,-18.15176679624353,0,141.0,0.0,18.073812496224917
199,7,8,0.0,4,83.74867557150212,83.91,-7.582248139400249,0,47.0,0.0,7.582248139400249
